GroundTruth,Parsed Value,Prompt,Response
1,1,"""
        Task : Node Label Prediction (Predict the label of the node marked with a ?, given the adjacency list information as a dictionary of type ""node:node neighborhood"" and node-label mapping in the text enclosed in triple backticks. Response should be in the format ""Label of Node = <predicted label>"". If the predicted label cannot be determined, return ""Label of Node = -1"") 
        ```Adjacency list: {1072: [773, 1801, 1505], 773: [1072, 1505], 1505: [773, 1801, 1552, 530, 1699, 36, 2086, 1072, 2107, 330, 1624, 1146, 1788], 1801: [1072, 1505], 1089: [399, 1552, 2086, 1088], 399: [1089, 2107], 2107: [399, 36, 1505, 1781], 36: [1552, 1146, 1505, 1640, 1781, 2094, 2106, 2107], 1552: [36, 1089, 1505, 1778, 2591], 1778: [1552, 2327, 1367, 1624, 1623, 350, 1771], 2591: [1552, 234], 530: [1505, 2094], 2094: [530, 36, 2086, 2106], 2327: [1778], 234: [2591], 1699: [1505], 1146: [36, 1505], 1640: [36, 350], 1781: [36, 2107, 1623], 2106: [36, 2094], 2086: [1089, 1505, 2094], 1088: [1089], 330: [1505], 1367: [1778], 1624: [1505, 1778, 1788], 1788: [1624, 1505], 350: [1623, 1640, 1778], 1623: [350, 1771, 1778, 1781], 1771: [1623, 1778]}
Node to Label Mapping : 
Node 773: Label 1| Node 1801: Label 0| Node 399: Label 1| Node 1552: Label 1| Node 530: Label 0| Node 2327: Label 1| Node 2591: Label 1| Node 1699: Label 1| Node 36: Label 1| Node 2086: Label 1| Node 2094: Label 1| Node 1072: Label 2| Node 2106: Label 1| Node 2107: Label 1| Node 1088: Label 1| Node 1089: Label 1| Node 330: Label 4| Node 1367: Label 1| Node 1624: Label ?| Node 1623: Label 1| Node 350: Label 1| Node 1505: Label 1| Node 1640: Label 1| Node 234: Label 1| Node 1771: Label 1| Node 1778: Label 1| Node 1781: Label 1| Node 1146: Label 1| Node 1788: Label 1| ```
        ""","""The node 1624 is connected to nodes 1505, 1778, and 1788. Looking at the labels of these nodes, we see that they are all labeled as 1. Therefore, it is reasonable to predict that node 1624 will also have the label 1.

Label of Node = 1"""
2,2,"""
        Task : Node Label Prediction (Predict the label of the node marked with a ?, given the adjacency list information as a dictionary of type ""node:node neighborhood"" and node-label mapping in the text enclosed in triple backticks. Response should be in the format ""Label of Node = <predicted label>"". If the predicted label cannot be determined, return ""Label of Node = -1"") 
        ```Adjacency list: {425: [2466], 2466: [425, 533, 1007, 1758, 2279], 533: [2466, 1742], 1007: [2466, 1154, 1742, 526], 1758: [2466, 580, 1742, 464, 1358, 860], 2279: [2466, 110, 565], 1154: [1007, 1358, 1742], 1358: [1154, 580, 1742, 1758], 1742: [1154, 580, 526, 533, 1007, 1358, 1758], 580: [1358, 1742, 1758], 110: [2279], 565: [2279, 526], 526: [1742, 1007, 565], 464: [1758], 860: [1758]}
Node to Label Mapping : 
Node 2466: Label ?| Node 1154: Label 2| Node 580: Label 2| Node 2279: Label 2| Node 425: Label 2| Node 1742: Label 2| Node 1007: Label 2| Node 526: Label 2| Node 464: Label 2| Node 1358: Label 2| Node 110: Label 2| Node 533: Label 2| Node 565: Label 2| Node 860: Label 2| Node 1758: Label 2| ```
        ""","""Label of Node = 2"""
4,4,"""
        Task : Node Label Prediction (Predict the label of the node marked with a ?, given the adjacency list information as a dictionary of type ""node:node neighborhood"" and node-label mapping in the text enclosed in triple backticks. Response should be in the format ""Label of Node = <predicted label>"". If the predicted label cannot be determined, return ""Label of Node = -1"") 
        ```Adjacency list: {286: [33, 442, 698], 33: [286, 588, 698, 911, 1051, 2040, 2119, 2120, 2121], 588: [33, 442, 698], 698: [33, 588, 442, 1015, 286], 911: [33, 1051], 1051: [33, 911, 442], 2040: [33, 2120], 2119: [33], 2120: [33, 442, 2040], 2121: [33], 442: [196, 2120, 588, 2362, 286, 627, 698, 1051], 196: [442], 2362: [442], 627: [442], 1015: [698]}
Node to Label Mapping : 
Node 33: Label 4| Node 196: Label 4| Node 2119: Label 3| Node 2120: Label ?| Node 2121: Label 4| Node 588: Label 4| Node 2362: Label 4| Node 911: Label 4| Node 442: Label 4| Node 627: Label 4| Node 1015: Label 4| Node 2040: Label 4| Node 698: Label 4| Node 1051: Label 4| Node 286: Label 4| ```
        ""","""The node 2120 is connected to nodes 33, 442, and 2040. All these nodes have the label 4. Therefore, it is highly likely that node 2120 also has the label 4.

Label of Node = 4"""
3,3,"""
        Task : Node Label Prediction (Predict the label of the node marked with a ?, given the adjacency list information as a dictionary of type ""node:node neighborhood"" and node-label mapping in the text enclosed in triple backticks. Response should be in the format ""Label of Node = <predicted label>"". If the predicted label cannot be determined, return ""Label of Node = -1"") 
        ```Adjacency list: {1701: [1665, 261, 1799, 13, 143, 784, 1873, 1299, 532, 664, 24, 1023, 1052, 157, 158, 1820, 416, 1440, 547, 201, 205, 215, 216, 226, 231, 232, 235, 318, 335, 343, 467, 563, 633, 699, 729, 767, 869, 874, 1075, 1100, 1212, 1241, 1323, 1334, 1337, 1453, 1479, 1636, 1846, 1852, 1853, 1854, 1855, 1856, 1857, 1858, 1859, 1860, 1861, 1862, 1863, 1864, 1865, 1866, 1867, 1868, 1869, 1870, 1871, 1872, 1874, 1875, 1876, 1877], 1665: [1701], 1479: [261, 1701], 261: [1479, 1701], 1799: [1701], 13: [1701], 143: [1701], 784: [1701], 1873: [1701, 1820], 1820: [1873, 1701], 1299: [1701], 532: [1701, 1863], 1863: [532, 1701], 664: [1701], 201: [24, 1701], 24: [201, 1636, 1701], 1636: [24, 1701], 1023: [1701], 1052: [1701], 157: [1701, 1870], 1870: [157, 1701], 158: [1701], 416: [1701], 869: [1440, 1701, 1864, 232], 1440: [869, 1701], 547: [1701], 205: [1701, 1869], 215: [1701], 216: [1701], 226: [1701], 231: [1701, 1868, 232], 232: [1701, 1864, 869, 231], 235: [1701], 318: [1701, 563], 335: [1701], 343: [1701], 467: [1701], 563: [1701, 318, 1337], 633: [1701, 1866], 699: [1701], 729: [1701], 767: [1701], 874: [1701], 1075: [1701], 1100: [1701], 1212: [1701], 1241: [1701], 1323: [1701], 1334: [1701], 1337: [1701, 563], 1453: [1701], 1846: [1701, 1867], 1852: [1701], 1853: [1701], 1854: [1701], 1855: [1701], 1856: [1701], 1857: [1701], 1858: [1701], 1859: [1701], 1860: [1701], 1861: [1701], 1862: [1701], 1864: [1701, 232, 869], 1865: [1701], 1866: [1701, 633], 1867: [1701, 1846], 1868: [1701, 231], 1869: [1701, 205], 1871: [1701], 1872: [1701], 1874: [1701], 1875: [1701], 1876: [1701], 1877: [1701]}
Node to Label Mapping : 
Node 1665: Label 3| Node 261: Label 3| Node 1799: Label 3| Node 13: Label 3| Node 143: Label 3| Node 784: Label 3| Node 1873: Label 3| Node 1299: Label 3| Node 532: Label 3| Node 664: Label 3| Node 24: Label 3| Node 1023: Label 3| Node 1052: Label 3| Node 157: Label 3| Node 158: Label 3| Node 1820: Label 3| Node 416: Label 3| Node 1440: Label ?| Node 547: Label 3| Node 1701: Label 3| Node 1323: Label 3| Node 1453: Label 3| Node 563: Label 1| Node 1075: Label 3| Node 1334: Label 3| Node 1846: Label 3| Node 1337: Label 1| Node 699: Label 3| Node 1212: Label 3| Node 1852: Label 3| Node 318: Label 1| Node 1853: Label 3| Node 1854: Label 1| Node 1855: Label 3| Node 1856: Label 1| Node 1857: Label 3| Node 1858: Label 3| Node 1859: Label 3| Node 1860: Label 3| Node 1479: Label 3| Node 1861: Label 3| Node 201: Label 3| Node 1862: Label 3| Node 1863: Label 3| Node 1100: Label 3| Node 205: Label 3| Node 1864: Label 3| Node 335: Label 3| Node 1865: Label 3| Node 1866: Label 3| Node 1867: Label 3| Node 467: Label 0| Node 1868: Label 3| Node 1869: Label 3| Node 1870: Label 3| Node 343: Label 3| Node 215: Label 3| Node 216: Label 3| Node 729: Label 3| Node 1241: Label 3| Node 1874: Label 3| Node 1875: Label 3| Node 1872: Label 3| Node 1876: Label 3| Node 1871: Label 3| Node 226: Label 3| Node 1636: Label 3| Node 869: Label 3| Node 1877: Label 3| Node 231: Label 3| Node 232: Label 3| Node 874: Label 3| Node 235: Label 3| Node 633: Label 3| Node 767: Label 0| ```
        ""","""The node 1440 is connected to nodes 869, 1701. The labels of these nodes are 3 and 3 respectively. Since all the connected nodes have the same label, we can predict the label of node 1440 to be the same. 

Label of Node = 3"""
3,-1,"""
        Task : Node Label Prediction (Predict the label of the node marked with a ?, given the adjacency list information as a dictionary of type ""node:node neighborhood"" and node-label mapping in the text enclosed in triple backticks. Response should be in the format ""Label of Node = <predicted label>"". If the predicted label cannot be determined, return ""Label of Node = -1"") 
        ```Adjacency list: {959: [2529], 2529: [959]}
Node to Label Mapping : 
Node 2529: Label ?| Node 959: Label 3| ```
        ""","""Label of Node = -1"""
2,2,"""
        Task : Node Label Prediction (Predict the label of the node marked with a ?, given the adjacency list information as a dictionary of type ""node:node neighborhood"" and node-label mapping in the text enclosed in triple backticks. Response should be in the format ""Label of Node = <predicted label>"". If the predicted label cannot be determined, return ""Label of Node = -1"") 
        ```Adjacency list: {998: [1284, 1103], 1284: [998, 1103, 1358], 1103: [1284, 263, 796, 53, 1718, 72, 1480, 1358, 748, 998, 1123, 1520, 1748, 1760, 1886, 1887, 1888], 1358: [1284, 1040, 1562, 796, 1711, 53, 1718, 823, 1719, 1720, 580, 72, 1480, 1739, 501, 748, 1103, 1123, 1492, 1744, 1748, 1750, 1755, 1760, 1765, 1766], 263: [1103], 1040: [1358, 1765], 1765: [1040, 1562, 290, 1711, 823, 1719, 825, 1720, 2492, 580, 1358, 1744, 1492, 1750, 1755, 501, 1520], 83: [2581, 1520], 2581: [83], 1562: [1358, 1765], 796: [1103, 1358], 290: [1765], 1711: [1358, 1765], 53: [1103, 1358, 1739], 1739: [53, 1358, 1750, 1766, 1886], 1718: [1103, 1358], 823: [1358, 1765], 1719: [1358, 1765], 825: [1765], 1720: [1358, 1765], 2492: [1765], 1750: [1601, 1739, 1358, 1520, 1765, 1766], 1601: [1750], 580: [1358, 1765], 72: [1103, 1358], 1480: [1103, 1358], 1766: [1739, 1358, 1750], 1886: [1739, 1103], 501: [1358, 1765], 748: [1358, 1103], 1123: [1358, 1103], 1492: [1358, 1765], 1744: [1358, 1765], 1748: [1358, 1103], 1755: [1358, 1765], 1760: [1358, 1103], 1520: [1103, 83, 1750, 1765], 1887: [1103, 1888], 1888: [1103, 1887]}
Node to Label Mapping : 
Node 1284: Label 2| Node 263: Label 2| Node 1040: Label 2| Node 2581: Label 2| Node 1562: Label 2| Node 796: Label 2| Node 290: Label 2| Node 1711: Label 2| Node 53: Label 2| Node 1718: Label 2| Node 823: Label 2| Node 1719: Label 2| Node 825: Label 2| Node 1720: Label 2| Node 2492: Label 2| Node 1601: Label 2| Node 580: Label 2| Node 72: Label 2| Node 1480: Label 2| Node 1739: Label ?| Node 1358: Label 2| Node 1103: Label 2| Node 1744: Label 2| Node 83: Label 2| Node 1748: Label 2| Node 1492: Label 2| Node 1750: Label 2| Node 1755: Label 2| Node 1886: Label 2| Node 1887: Label 2| Node 1760: Label 2| Node 1888: Label 2| Node 1123: Label 2| Node 1765: Label 2| Node 998: Label 2| Node 1766: Label 2| Node 748: Label 2| Node 1520: Label 2| Node 501: Label 2| ```
        ""","""Label of Node = 2"""
0,0,"""
        Task : Node Label Prediction (Predict the label of the node marked with a ?, given the adjacency list information as a dictionary of type ""node:node neighborhood"" and node-label mapping in the text enclosed in triple backticks. Response should be in the format ""Label of Node = <predicted label>"". If the predicted label cannot be determined, return ""Label of Node = -1"") 
        ```Adjacency list: {1110: [1120, 2025], 1120: [1110, 1583, 2025], 1583: [1120, 2025], 2025: [1120, 149, 572, 671, 1110, 1357, 1498, 1583, 2009, 2026, 2027, 2028], 149: [2025], 572: [2025], 671: [2025], 1357: [2025], 1498: [2025], 2009: [2025], 2026: [2025], 2027: [2025], 2028: [2025]}
Node to Label Mapping : 
Node 1120: Label 0| Node 2025: Label 0| Node 2026: Label 1| Node 2027: Label 3| Node 2028: Label 3| Node 1357: Label 0| Node 1583: Label 0| Node 149: Label 0| Node 1110: Label ?| Node 2009: Label 3| Node 1498: Label 3| Node 572: Label 0| Node 671: Label 5| ```
        ""","""The node 1110 is connected to nodes 1120 and 2025. Both of these nodes have the label 0. Therefore, it is likely that node 1110 also has the label 0.

Label of Node = 0"""
2,-1,"""
        Task : Node Label Prediction (Predict the label of the node marked with a ?, given the adjacency list information as a dictionary of type ""node:node neighborhood"" and node-label mapping in the text enclosed in triple backticks. Response should be in the format ""Label of Node = <predicted label>"". If the predicted label cannot be determined, return ""Label of Node = -1"") 
        ```Adjacency list: {2459: [2689, 760], 2689: [2459, 2554], 2554: [2689, 1136], 1136: [2554], 760: [2459]}
Node to Label Mapping : 
Node 2689: Label 2| Node 1136: Label 2| Node 760: Label ?| Node 2554: Label 2| Node 2459: Label 3| ```
        ""","""Label of Node = -1"""
3,4,"""
        Task : Node Label Prediction (Predict the label of the node marked with a ?, given the adjacency list information as a dictionary of type ""node:node neighborhood"" and node-label mapping in the text enclosed in triple backticks. Response should be in the format ""Label of Node = <predicted label>"". If the predicted label cannot be determined, return ""Label of Node = -1"") 
        ```Adjacency list: {1927: [1152, 769, 1923, 1924, 146, 305, 405, 738, 1218, 1435, 1928, 1929, 1930], 1152: [1927], 769: [1927], 2034: [1026, 1665, 1929, 141, 14, 1807, 2039, 1812, 791, 2040, 2041, 158, 417, 2042, 1319, 1448, 1968, 49, 691, 1336, 1983, 841, 1614, 2130, 86, 1497, 224, 1889, 1891, 1894, 617, 1002, 382, 1270, 1273, 1654, 2035, 2036, 2037, 2038], 1026: [2034], 1923: [1927], 1924: [1927], 210: [2309, 1671, 1614], 2309: [210, 1268], 1268: [2309, 1929, 162], 1665: [2034], 146: [1927], 305: [1927], 405: [1927, 738], 738: [1927, 405], 1218: [1927], 1435: [1927], 1928: [1927], 1929: [1927, 1671, 1268, 2034], 1930: [1927], 1671: [210, 1614, 1929, 1968, 2136, 2137], 1614: [1671, 210, 2034], 1968: [1671, 2034], 2136: [1671], 2137: [1671], 1002: [141, 2034], 141: [1002, 2034], 158: [14, 2034], 14: [158, 2034], 1807: [2034], 1889: [2039, 2130, 1891, 2034], 2039: [1889, 2034, 2042], 2042: [2039, 2034], 1812: [2034], 791: [2034, 2130], 2130: [791, 691, 1889, 1891, 2034], 2040: [2034], 2041: [2034], 417: [2034], 162: [1268], 1319: [2034], 1448: [2034], 49: [2034], 691: [2034, 2130], 86: [1336, 2034], 1336: [86, 2034], 1983: [2034], 841: [2034], 1891: [2130, 1889, 2034], 1497: [2034], 224: [2034], 1894: [2034], 617: [2034], 382: [2034], 1270: [2034], 1273: [2034], 1654: [2034], 2035: [2034], 2036: [2034], 2037: [2034], 2038: [2034]}
Node to Label Mapping : 
Node 1152: Label 0| Node 769: Label 0| Node 1026: Label 3| Node 1923: Label 0| Node 1924: Label 3| Node 2309: Label 3| Node 1665: Label 3| Node 1927: Label 0| Node 1671: Label 4| Node 1929: Label 3| Node 1928: Label 3| Node 1930: Label 0| Node 141: Label 3| Node 14: Label 3| Node 1807: Label 3| Node 146: Label 0| Node 2039: Label 3| Node 1812: Label 3| Node 405: Label 0| Node 791: Label 3| Node 2040: Label 4| Node 1435: Label 0| Node 2041: Label 3| Node 158: Label 3| Node 417: Label 3| Node 162: Label 4| Node 2042: Label 3| Node 1319: Label 3| Node 1448: Label 1| Node 1968: Label 4| Node 305: Label 0| Node 49: Label 4| Node 691: Label 4| Node 1336: Label 4| Node 1983: Label 0| Node 1218: Label 0| Node 841: Label 3| Node 1614: Label 3| Node 210: Label 4| Node 2130: Label 4| Node 86: Label 4| Node 2136: Label 0| Node 2137: Label 0| Node 1497: Label 3| Node 224: Label 4| Node 1889: Label 4| Node 738: Label 0| Node 1891: Label 4| Node 1894: Label 3| Node 617: Label ?| Node 1002: Label 3| Node 2034: Label 4| Node 2035: Label 3| Node 1268: Label 0| Node 2036: Label 3| Node 1270: Label 3| Node 1654: Label 3| Node 2037: Label 3| Node 1273: Label 3| Node 2038: Label 3| Node 382: Label 3| ```
        ""","""The node 617 is connected only to node 2034. The label of node 2034 is 4. Therefore, we can predict that the label of node 617 will be the same as the label of the node it is connected to.

Label of Node = 4"""
5,5,"""
        Task : Node Label Prediction (Predict the label of the node marked with a ?, given the adjacency list information as a dictionary of type ""node:node neighborhood"" and node-label mapping in the text enclosed in triple backticks. Response should be in the format ""Label of Node = <predicted label>"". If the predicted label cannot be determined, return ""Label of Node = -1"") 
        ```Adjacency list: {119: [1537, 646, 1959, 1901, 1549, 379], 1537: [119], 1901: [1954, 645, 2284, 119, 1549, 2286], 1954: [1901], 645: [1901], 646: [119], 1959: [119, 379], 379: [1959, 119], 2284: [1901, 2285], 2285: [2284, 2286], 1549: [1901, 119, 2286], 2286: [1901, 1549, 2285]}
Node to Label Mapping : 
Node 1537: Label 5| Node 1954: Label 5| Node 645: Label 5| Node 646: Label ?| Node 1959: Label 5| Node 2284: Label 5| Node 1901: Label 5| Node 1549: Label 5| Node 2286: Label 5| Node 2285: Label 5| Node 119: Label 5| Node 379: Label 5| ```
        ""","""Label of Node = 5"""
0,0,"""
        Task : Node Label Prediction (Predict the label of the node marked with a ?, given the adjacency list information as a dictionary of type ""node:node neighborhood"" and node-label mapping in the text enclosed in triple backticks. Response should be in the format ""Label of Node = <predicted label>"". If the predicted label cannot be determined, return ""Label of Node = -1"") 
        ```Adjacency list: {309: [2305], 2305: [309, 453, 1278, 1818, 1909, 2306], 453: [2305, 2306], 1278: [2305, 2306], 1818: [2305, 2306], 1909: [2305, 1171, 1848, 211, 1131, 239], 2306: [2305, 453, 1278, 1818], 1131: [1538, 1655, 2185, 1930, 436, 1215, 836, 838, 1224, 1500, 1121, 2280, 2281, 490, 242, 510, 1133, 1909, 2155, 2282, 2283], 1538: [1131, 1133, 1500, 2185], 1133: [1538, 2185, 1500, 1131], 1500: [1538, 2185, 1131, 1133], 2185: [1538, 1131, 1133, 1500], 239: [2182, 910, 1069, 65, 1220, 1759, 1376, 2021, 619, 887, 1274, 1909, 2418], 2182: [239], 1121: [1655, 1131], 1655: [1121, 1131, 2282], 2282: [1655, 1131], 1930: [1131], 1171: [649, 1295, 510, 681, 687, 1092, 1355, 1855, 1909, 2359], 649: [1171], 910: [239, 887], 887: [910, 239], 1295: [1171], 510: [1171, 1131, 1013], 681: [1171], 687: [1171, 2359], 1092: [1171], 1355: [1171], 1855: [1171], 2359: [1171, 687], 211: [164, 356, 1394, 1908, 1909], 164: [211], 1069: [239], 436: [1131], 325: [1848], 1848: [325, 1013, 1224, 1376, 1652, 1909, 2419], 1013: [1848, 836, 510], 1224: [1848, 1131, 2155], 1376: [1848, 239], 1652: [1848], 2419: [1848, 65], 1215: [1131], 65: [239, 619, 2021, 2418, 2419], 619: [65, 239], 2021: [65, 239, 2418], 2418: [65, 2021, 239], 1220: [239], 836: [1013, 1131], 242: [838, 2280, 1131], 838: [242, 1131, 2280], 2280: [838, 242, 1131], 2155: [1224, 1131], 356: [211], 1394: [211], 1908: [211], 1759: [239], 2281: [1131], 490: [1131], 2283: [1131], 1274: [239]}
Node to Label Mapping : 
Node 2305: Label 3| Node 1538: Label 5| Node 2306: Label 4| Node 2182: Label 0| Node 1655: Label 0| Node 2185: Label 5| Node 1930: Label 0| Node 649: Label 3| Node 910: Label 1| Node 1295: Label 3| Node 1171: Label 3| Node 1818: Label 3| Node 1278: Label 3| Node 164: Label 0| Node 681: Label 3| Node 1069: Label 0| Node 687: Label 2| Node 436: Label 3| Node 309: Label 3| Node 2359: Label 2| Node 1848: Label ?| Node 1215: Label 6| Node 1855: Label 3| Node 65: Label 0| Node 1220: Label 0| Node 836: Label 3| Node 838: Label 0| Node 1092: Label 3| Node 1224: Label 0| Node 325: Label 4| Node 453: Label 3| Node 1355: Label 3| Node 211: Label 0| Node 1500: Label 5| Node 1759: Label 2| Node 1376: Label 0| Node 1121: Label 3| Node 356: Label 4| Node 2021: Label 0| Node 2280: Label 0| Node 2281: Label 5| Node 490: Label 5| Node 1131: Label 3| Node 619: Label 0| Node 1133: Label 5| Node 2155: Label 0| Node 239: Label 0| Node 2282: Label 3| Node 2283: Label 3| Node 1394: Label 5| Node 2418: Label 0| Node 1908: Label 4| Node 1909: Label 0| Node 242: Label 0| Node 887: Label 1| Node 1013: Label 0| Node 1652: Label 0| Node 1274: Label 3| Node 2419: Label 0| Node 510: Label 3| ```
        ""","""The node 1848 is connected to nodes 325, 1013, 1224, 1376, 1652, 1909, 2419. The labels of these nodes are 4, 0, 0, 0, 0, 0, 0 respectively. The most common label among these is 0. Therefore, we predict the label of node 1848 as 0.

Label of Node = 0"""
5,5,"""
        Task : Node Label Prediction (Predict the label of the node marked with a ?, given the adjacency list information as a dictionary of type ""node:node neighborhood"" and node-label mapping in the text enclosed in triple backticks. Response should be in the format ""Label of Node = <predicted label>"". If the predicted label cannot be determined, return ""Label of Node = -1"") 
        ```Adjacency list: {747: [1538, 113, 282, 540], 1538: [747], 282: [67, 747], 67: [282, 540, 2628], 540: [67, 747, 113], 2628: [67], 113: [747, 540]}
Node to Label Mapping : 
Node 1538: Label 5| Node 67: Label 5| Node 2628: Label 5| Node 747: Label 5| Node 113: Label 5| Node 282: Label ?| Node 540: Label 5| ```
        ""","""Label of Node = 5"""
2,2,"""
        Task : Node Label Prediction (Predict the label of the node marked with a ?, given the adjacency list information as a dictionary of type ""node:node neighborhood"" and node-label mapping in the text enclosed in triple backticks. Response should be in the format ""Label of Node = <predicted label>"". If the predicted label cannot be determined, return ""Label of Node = -1"") 
        ```Adjacency list: {16: [2444], 2444: [16, 464, 580, 1710, 1742, 2503], 464: [2444, 2445, 403], 580: [2444, 2445, 1358, 1742], 1710: [2444, 1358], 1742: [2444, 2445, 526, 403, 580, 1358], 2503: [2444, 2445, 1038, 403, 1216, 616], 2445: [464, 580, 1742, 2503], 565: [1038, 526], 1038: [565, 933, 1358, 2503], 933: [1038], 1358: [1038, 1710, 580, 1739, 1742, 616], 403: [1037, 464, 806, 1383, 1742, 2503, 2654], 1037: [403, 2654], 2654: [1037, 403], 526: [565, 1216, 1742], 1216: [526, 2446, 1067, 2503], 2446: [1216], 806: [403, 1383], 1383: [403, 806], 1067: [1216], 616: [2365, 2503, 1739, 1358], 2365: [616], 1739: [616, 1358]}
Node to Label Mapping : 
Node 2444: Label 2| Node 2445: Label 2| Node 1038: Label 2| Node 1037: Label 2| Node 526: Label 2| Node 2446: Label 2| Node 16: Label 2| Node 403: Label 2| Node 933: Label 2| Node 806: Label 2| Node 1067: Label 2| Node 1710: Label 2| Node 565: Label 2| Node 2365: Label 2| Node 1216: Label 2| Node 580: Label 2| Node 2503: Label 2| Node 1739: Label ?| Node 1742: Label 2| Node 1358: Label 2| Node 464: Label 2| Node 2654: Label 2| Node 1383: Label 2| Node 616: Label 2| ```
        ""","""Label of Node = 2"""
0,0,"""
        Task : Node Label Prediction (Predict the label of the node marked with a ?, given the adjacency list information as a dictionary of type ""node:node neighborhood"" and node-label mapping in the text enclosed in triple backticks. Response should be in the format ""Label of Node = <predicted label>"". If the predicted label cannot be determined, return ""Label of Node = -1"") 
        ```Adjacency list: {614: [1475, 2470, 888], 1475: [614, 888, 1017, 2469, 2470], 888: [1475, 614, 1556], 1017: [1475], 2469: [1475], 2470: [1475, 614], 1556: [888]}
Node to Label Mapping : 
Node 1475: Label 0| Node 2469: Label 0| Node 2470: Label 0| Node 614: Label ?| Node 1556: Label 0| Node 888: Label 0| Node 1017: Label 3| ```
        ""","""The node 614 is connected to nodes 1475, 2470, and 888. The labels of these nodes are 0, 0, and 0 respectively. Since all the connected nodes have the same label, we can predict that the label of node 614 is also 0.

Label of Node = 0"""
3,0,"""
        Task : Node Label Prediction (Predict the label of the node marked with a ?, given the adjacency list information as a dictionary of type ""node:node neighborhood"" and node-label mapping in the text enclosed in triple backticks. Response should be in the format ""Label of Node = <predicted label>"". If the predicted label cannot be determined, return ""Label of Node = -1"") 
        ```Adjacency list: {733: [2304, 1160, 1294, 401, 1682, 1817, 794, 1818, 678, 1062, 1192, 45, 1329, 435, 2303, 2008, 218, 2011, 2268, 94, 377, 383, 759, 862, 1265, 2035, 2291, 2301, 2302], 2304: [733], 401: [1160, 733], 1160: [401, 733, 794, 2268], 794: [1160, 733], 2268: [1160, 383, 733, 2291], 1294: [733], 1682: [733, 2291], 2291: [1682, 2233, 715, 2268, 733, 481, 1265, 377, 2292], 1817: [733], 1818: [733], 377: [678, 733, 1265, 2291], 678: [377, 733], 1062: [733, 1192], 1192: [1062, 733], 45: [733, 2303], 2303: [45, 733], 1329: [733], 435: [733], 2233: [2291], 715: [2291], 2008: [733, 2301], 2301: [2008, 733], 218: [733], 2011: [733], 383: [2268, 733], 94: [733], 759: [733], 862: [733], 1265: [733, 377, 2291], 2035: [733], 2302: [733], 481: [2291], 2292: [2291]}
Node to Label Mapping : 
Node 2304: Label 3| Node 1160: Label 3| Node 1294: Label 3| Node 401: Label 3| Node 1682: Label 0| Node 1817: Label 3| Node 794: Label 0| Node 1818: Label 3| Node 678: Label 3| Node 1062: Label 3| Node 1192: Label 3| Node 45: Label 3| Node 1329: Label 3| Node 435: Label 4| Node 2233: Label 0| Node 2303: Label 3| Node 715: Label 4| Node 2008: Label 3| Node 218: Label 3| Node 2011: Label 3| Node 2268: Label 0| Node 733: Label 0| Node 862: Label 4| Node 94: Label 0| Node 481: Label 2| Node 1265: Label 4| Node 2291: Label 0| Node 2035: Label ?| Node 2292: Label 4| Node 759: Label 4| Node 377: Label 3| Node 2301: Label 3| Node 2302: Label 3| Node 383: Label 3| ```
        ""","""The node 2035 is connected only to node 733. The label of node 733 is 0. Therefore, we can predict that the label of node 2035 is also 0.

Label of Node = 0"""
4,4,"""
        Task : Node Label Prediction (Predict the label of the node marked with a ?, given the adjacency list information as a dictionary of type ""node:node neighborhood"" and node-label mapping in the text enclosed in triple backticks. Response should be in the format ""Label of Node = <predicted label>"". If the predicted label cannot be determined, return ""Label of Node = -1"") 
        ```Adjacency list: {286: [33, 442, 698], 33: [286, 588, 698, 911, 1051, 2040, 2119, 2120, 2121], 588: [33, 442, 698], 698: [33, 588, 442, 1015, 286], 911: [33, 1051], 1051: [33, 911, 442], 2040: [33, 2120], 2119: [33], 2120: [33, 442, 2040], 2121: [33], 442: [196, 2120, 588, 2362, 286, 627, 698, 1051], 196: [442], 2362: [442], 627: [442], 1015: [698]}
Node to Label Mapping : 
Node 33: Label 4| Node 196: Label 4| Node 2119: Label 3| Node 2120: Label 4| Node 2121: Label 4| Node 588: Label 4| Node 2362: Label 4| Node 911: Label ?| Node 442: Label 4| Node 627: Label 4| Node 1015: Label 4| Node 2040: Label 4| Node 698: Label 4| Node 1051: Label 4| Node 286: Label 4| ```
        ""","""Label of Node = 4"""
0,0,"""
        Task : Node Label Prediction (Predict the label of the node marked with a ?, given the adjacency list information as a dictionary of type ""node:node neighborhood"" and node-label mapping in the text enclosed in triple backticks. Response should be in the format ""Label of Node = <predicted label>"". If the predicted label cannot be determined, return ""Label of Node = -1"") 
        ```Adjacency list: {895: [35, 1187, 1296, 440, 1913], 35: [895, 1296, 1913], 1296: [35, 728, 440, 895, 1910, 1911, 1912, 1913], 1913: [35, 1296, 440, 895], 440: [2179, 441, 1296, 725, 895, 1913], 2179: [440], 1187: [895], 441: [440], 728: [1296], 1910: [1296], 1911: [1296], 1912: [1296], 725: [440]}
Node to Label Mapping : 
Node 35: Label 0| Node 2179: Label ?| Node 1187: Label 0| Node 441: Label 5| Node 728: Label 5| Node 1296: Label 0| Node 1912: Label 0| Node 725: Label 0| Node 1910: Label 0| Node 1911: Label 5| Node 440: Label 0| Node 1913: Label 0| Node 895: Label 0| ```
        ""","""The node 2179 is connected to node 440. The label of node 440 is 0. Therefore, we can predict that the label of node 2179 is also 0, assuming that connected nodes tend to have the same label.

Label of Node = 0"""
3,3,"""
        Task : Node Label Prediction (Predict the label of the node marked with a ?, given the adjacency list information as a dictionary of type ""node:node neighborhood"" and node-label mapping in the text enclosed in triple backticks. Response should be in the format ""Label of Node = <predicted label>"". If the predicted label cannot be determined, return ""Label of Node = -1"") 
        ```Adjacency list: {455: [1664, 2147, 2486], 1664: [455, 607, 785, 2147], 607: [1664, 298, 1213], 785: [1664], 2147: [1664, 2146, 374, 455, 658, 2486], 374: [2146, 2147], 2146: [374, 2147], 658: [2147], 2486: [2147, 455], 298: [607], 1213: [607]}
Node to Label Mapping : 
Node 1664: Label 3| Node 2146: Label 3| Node 2147: Label 3| Node 455: Label 3| Node 298: Label 3| Node 785: Label 3| Node 658: Label 3| Node 2486: Label 3| Node 374: Label 3| Node 1213: Label 3| Node 607: Label ?| ```
        ""","""Label of Node = 3"""
2,2,"""
        Task : Node Label Prediction (Predict the label of the node marked with a ?, given the adjacency list information as a dictionary of type ""node:node neighborhood"" and node-label mapping in the text enclosed in triple backticks. Response should be in the format ""Label of Node = <predicted label>"". If the predicted label cannot be determined, return ""Label of Node = -1"") 
        ```Adjacency list: {1723: [768, 565, 73, 1358, 1724], 768: [1723, 1724], 1724: [768, 1723, 1358], 565: [513, 526, 1038, 427, 687, 244, 1361, 1398, 1528, 1610, 1723, 2279], 513: [565, 657, 1528], 657: [513], 1528: [513, 427, 565, 1361, 1398], 173: [1033, 687, 1358, 1586], 1033: [173, 687], 687: [1033, 1546, 1171, 290, 173, 1710, 480, 565, 1358, 1586, 1610, 1721, 1725, 2359, 2372], 1546: [687, 1358], 1358: [1546, 1038, 173, 1710, 687, 1072, 1721, 1723, 1724, 1725, 73, 244, 1742], 526: [565, 1007, 1216, 1742], 1007: [526, 2466, 1742], 1216: [526, 2503], 1742: [526, 1358, 1007], 1038: [565, 933, 1358, 2503], 933: [1038], 2503: [1038, 1216], 1171: [687, 2359], 2359: [1171, 290, 687, 480, 2372], 290: [687, 2359], 2466: [1007, 2279], 2279: [2466, 565, 110], 427: [565, 1528], 1586: [173, 687], 480: [1710, 687, 2359, 2372], 1710: [480, 687, 1358], 1610: [687, 565, 312, 244, 2556, 2557, 2558], 1721: [687, 1358], 1725: [687, 1072, 1358], 2372: [687, 2359, 480], 244: [1072, 565, 1610, 1358], 1072: [244, 1358, 1725], 1361: [565, 1528], 1398: [565, 1528], 312: [1610], 73: [1723, 1358], 2556: [1610], 2557: [1610], 2558: [1610], 110: [2279]}
Node to Label Mapping : 
Node 768: Label 3| Node 513: Label 2| Node 1033: Label 2| Node 1546: Label 2| Node 526: Label 2| Node 1038: Label 2| Node 657: Label 2| Node 1171: Label 3| Node 290: Label 2| Node 2466: Label 2| Node 933: Label 2| Node 427: Label 2| Node 173: Label 2| Node 1710: Label 2| Node 687: Label 2| Node 1072: Label 2| Node 1586: Label 2| Node 565: Label 2| Node 2359: Label 2| Node 312: Label 2| Node 1721: Label 2| Node 1723: Label 2| Node 1724: Label 2| Node 1725: Label 2| Node 1216: Label 2| Node 2372: Label 2| Node 2503: Label 2| Node 73: Label 2| Node 1610: Label 2| Node 1358: Label 2| Node 1742: Label 2| Node 1361: Label 2| Node 480: Label 2| Node 2279: Label 2| Node 110: Label 2| Node 1007: Label 2| Node 244: Label 2| Node 1398: Label ?| Node 1528: Label 2| Node 2556: Label 2| Node 2557: Label 2| Node 2558: Label 2| ```
        ""","""The node 1398 is connected to nodes 565 and 1528. Both of these nodes have the label 2. Therefore, it is likely that node 1398 also has the label 2.

Label of Node = 2"""
2,2,"""
        Task : Node Label Prediction (Predict the label of the node marked with a ?, given the adjacency list information as a dictionary of type ""node:node neighborhood"" and node-label mapping in the text enclosed in triple backticks. Response should be in the format ""Label of Node = <predicted label>"". If the predicted label cannot be determined, return ""Label of Node = -1"") 
        ```Adjacency list: {316: [143, 1297, 920, 1821, 1073, 598, 766, 845, 1868, 2004], 143: [316, 598], 598: [143, 1297, 1821, 316, 845, 766], 1297: [316, 598, 766], 766: [1297, 316, 1868, 845, 598], 2163: [1303, 1073, 1348, 1502, 2162], 1303: [2163], 920: [316], 1821: [316, 598], 1073: [316, 985, 2163], 985: [1073, 1358, 848, 760, 1149], 845: [316, 598, 766], 1868: [316, 766], 2004: [316], 1348: [2163], 1358: [985, 1149], 1149: [1358, 985], 848: [985], 760: [985], 1502: [2163], 2162: [2163]}
Node to Label Mapping : 
Node 143: Label 3| Node 1297: Label 3| Node 1303: Label 3| Node 920: Label 3| Node 1821: Label 3| Node 1073: Label 3| Node 316: Label 3| Node 1348: Label 3| Node 1868: Label 3| Node 845: Label 3| Node 1358: Label ?| Node 848: Label 2| Node 2004: Label 3| Node 598: Label 3| Node 985: Label 2| Node 1502: Label 3| Node 2162: Label 3| Node 2163: Label 3| Node 760: Label 2| Node 1149: Label 2| Node 766: Label 3| ```
        ""","""The node 1358 is connected to nodes 985 and 1149. The labels for nodes 985 and 1149 are both 2. Therefore, it is likely that the label for node 1358 is also 2, given that nodes that are connected often have the same label.

Label of Node = 2"""
