setting,run,graph_id,node_with_question_mark,ground_truth,prompt,response,parsed_response
ego,1,0,213,6,"Task : Node Label Prediction (Predict the label of the node marked with a ?, given the adjacency list information as a dictionary of type ""node:node neighborhood"" and node-label mapping in the text enclosed in triple backticks). Response should be in the format ""Label of Node = <predicted label>"". If the predicted label cannot be determined, return ""Label of Node = -1"". 
    ```Adjacency list: {'145': ['1165', '537', '144', '213', '1593', '2622'], '1165': ['145', '537', '1593'], '537': ['1165', '145', '1593', '2192'], '1593': ['1165', '145', '537', '144', '213'], '144': ['145', '1593', '2192', '213'], '213': ['145', '1593', '2192', '144'], '2622': ['145'], '2192': ['537', '495', '144', '213'], '495': ['2192']}
Node to Label Mapping : 
Node 1165: Label 6| Node 145: Label 6| Node 537: Label 6| Node 1593: Label 6| Node 2192: Label 6| Node 495: Label 6| Node 144: Label 6| Node 213: Label ?| Node 2622: Label 6| ```
    ",Label of Node = 6,6
ego,1,1,2229,3,"Task : Node Label Prediction (Predict the label of the node marked with a ?, given the adjacency list information as a dictionary of type ""node:node neighborhood"" and node-label mapping in the text enclosed in triple backticks). Response should be in the format ""Label of Node = <predicted label>"". If the predicted label cannot be determined, return ""Label of Node = -1"". 
    ```Adjacency list: {'266': ['578', '809', '2227', '2229'], '578': ['266'], '809': ['266', '548', '1115', '2228', '2229'], '2227': ['266', '2228'], '2229': ['266', '809', '601'], '548': ['809'], '1115': ['809'], '2228': ['809', '2227'], '601': ['2229']}
Node to Label Mapping : 
Node 578: Label 5| Node 266: Label 5| Node 548: Label 1| Node 809: Label 0| Node 1115: Label 4| Node 2228: Label 6| Node 2229: Label ?| Node 2227: Label 5| Node 601: Label 3| ```
    ","The label of a node can often be predicted based on the labels of its neighboring nodes. In this case, the node 2229 is connected to nodes 266, 809, and 601. The labels of these nodes are 5, 0, and 3 respectively. 

However, without a specific rule or pattern to apply to these labels, it's impossible to predict the label of node 2229. Therefore, the response is ""Label of Node = -1"".",-1
ego,1,2,2229,3,"Task : Node Label Prediction (Predict the label of the node marked with a ?, given the adjacency list information as a dictionary of type ""node:node neighborhood"" and node-label mapping in the text enclosed in triple backticks). Response should be in the format ""Label of Node = <predicted label>"". If the predicted label cannot be determined, return ""Label of Node = -1"". 
    ```Adjacency list: {'266': ['578', '809', '2227', '2229'], '578': ['266'], '809': ['266', '548', '1115', '2228', '2229'], '2227': ['266', '2228'], '2229': ['266', '809', '601'], '548': ['809'], '1115': ['809'], '2228': ['809', '2227'], '601': ['2229']}
Node to Label Mapping : 
Node 578: Label 5| Node 266: Label 5| Node 548: Label 1| Node 809: Label 0| Node 1115: Label 4| Node 2228: Label 6| Node 2229: Label ?| Node 2227: Label 5| Node 601: Label 3| ```
    ","The node 2229 is connected to nodes 266, 809, and 601. The labels of these nodes are 5, 0, and 3 respectively. There is no clear pattern or rule to determine the label of node 2229 based on its neighbors. Therefore, the label of node 2229 cannot be determined.

Label of Node = -1",-1
ego,1,3,2229,3,"Task : Node Label Prediction (Predict the label of the node marked with a ?, given the adjacency list information as a dictionary of type ""node:node neighborhood"" and node-label mapping in the text enclosed in triple backticks). Response should be in the format ""Label of Node = <predicted label>"". If the predicted label cannot be determined, return ""Label of Node = -1"". 
    ```Adjacency list: {'266': ['578', '809', '2227', '2229'], '578': ['266'], '809': ['266', '548', '1115', '2228', '2229'], '2227': ['266', '2228'], '2229': ['266', '809', '601'], '548': ['809'], '1115': ['809'], '2228': ['809', '2227'], '601': ['2229']}
Node to Label Mapping : 
Node 578: Label 5| Node 266: Label 5| Node 548: Label 1| Node 809: Label 0| Node 1115: Label 4| Node 2228: Label 6| Node 2229: Label ?| Node 2227: Label 5| Node 601: Label 3| ```
    ","The node 2229 is connected to nodes 266, 809, and 601. The labels of these nodes are 5, 0, and 3 respectively. There is no clear pattern or rule given to predict the label of node 2229 based on its neighbors. Therefore, the label of node 2229 cannot be determined.

Label of Node = -1",-1
ego,1,4,667,0,"Task : Node Label Prediction (Predict the label of the node marked with a ?, given the adjacency list information as a dictionary of type ""node:node neighborhood"" and node-label mapping in the text enclosed in triple backticks). Response should be in the format ""Label of Node = <predicted label>"". If the predicted label cannot be determined, return ""Label of Node = -1"". 
    ```Adjacency list: {'456': ['544', '2054', '95', '142', '525', '667', '1580', '2199', '2347', '2472'], '544': ['456', '1580', '2199', '2347'], '1580': ['544', '456', '95', '2199'], '2199': ['544', '456', '1580', '95'], '2347': ['544', '456'], '2054': ['456', '95', '525'], '95': ['456', '1580', '2199', '2054'], '142': ['456', '525'], '525': ['456', '2054', '142'], '667': ['456', '2472', '2364'], '2472': ['456', '192', '642', '591', '667', '1017'], '192': ['2472'], '642': ['2472', '591'], '591': ['2472', '642', '1017'], '1017': ['2472', '591'], '2364': ['2051', '2266', '667'], '2051': ['2364'], '2266': ['2364']}
Node to Label Mapping : 
Node 544: Label 0| Node 456: Label 0| Node 1580: Label 0| Node 2199: Label 0| Node 2347: Label 0| Node 192: Label 3| Node 2472: Label 0| Node 642: Label 0| Node 591: Label 0| Node 2051: Label 0| Node 2364: Label 0| Node 2054: Label 0| Node 95: Label 0| Node 525: Label 0| Node 142: Label 0| Node 667: Label ?| Node 1017: Label 3| Node 2266: Label 0| ```
    ","The node 667 is connected to nodes 456, 2472, and 2364. The labels of these nodes are 0, 0, and 0 respectively. Since all the connected nodes have the same label, we can predict that the label of node 667 will also be 0.

Label of Node = 0",0
ego,1,5,2289,4,"Task : Node Label Prediction (Predict the label of the node marked with a ?, given the adjacency list information as a dictionary of type ""node:node neighborhood"" and node-label mapping in the text enclosed in triple backticks). Response should be in the format ""Label of Node = <predicted label>"". If the predicted label cannot be determined, return ""Label of Node = -1"". 
    ```Adjacency list: {'444': ['2464', '515', '582', '828', '488', '623', '2289', '2290'], '2464': ['444', '515', '584', '623', '828', '1102', '1207', '1530', '1795', '2289', '2290', '2465'], '515': ['2464', '444', '2465', '623', '1102'], '584': ['2464', '340', '623', '2289', '2463'], '623': ['2464', '444', '515', '584', '140', '2289'], '828': ['2464', '444', '1795'], '1102': ['2464', '515', '2465', '1207', '2290'], '1207': ['2464', '1102', '2290'], '1530': ['2464'], '1795': ['2464', '828'], '2289': ['2464', '444', '584', '623'], '2290': ['2464', '444', '1102', '1207'], '2465': ['2464', '515', '1102'], '582': ['444', '140'], '488': ['444'], '340': ['584', '2463'], '2463': ['584', '340'], '140': ['623', '582']}
Node to Label Mapping : 
Node 2464: Label 4| Node 444: Label 4| Node 515: Label 4| Node 584: Label 4| Node 623: Label 4| Node 828: Label 4| Node 1102: Label 4| Node 1207: Label 4| Node 1530: Label 4| Node 1795: Label 4| Node 2289: Label ?| Node 2290: Label 4| Node 2465: Label 4| Node 582: Label 4| Node 140: Label 4| Node 340: Label 4| Node 2463: Label 4| Node 488: Label 4| ```
    ",Label of Node = 4,4
ego,1,6,2289,4,"Task : Node Label Prediction (Predict the label of the node marked with a ?, given the adjacency list information as a dictionary of type ""node:node neighborhood"" and node-label mapping in the text enclosed in triple backticks). Response should be in the format ""Label of Node = <predicted label>"". If the predicted label cannot be determined, return ""Label of Node = -1"". 
    ```Adjacency list: {'444': ['2464', '515', '582', '828', '488', '623', '2289', '2290'], '2464': ['444', '515', '584', '623', '828', '1102', '1207', '1530', '1795', '2289', '2290', '2465'], '515': ['2464', '444', '2465', '623', '1102'], '584': ['2464', '340', '623', '2289', '2463'], '623': ['2464', '444', '515', '584', '140', '2289'], '828': ['2464', '444', '1795'], '1102': ['2464', '515', '2465', '1207', '2290'], '1207': ['2464', '1102', '2290'], '1530': ['2464'], '1795': ['2464', '828'], '2289': ['2464', '444', '584', '623'], '2290': ['2464', '444', '1102', '1207'], '2465': ['2464', '515', '1102'], '582': ['444', '140'], '488': ['444'], '340': ['584', '2463'], '2463': ['584', '340'], '140': ['623', '582']}
Node to Label Mapping : 
Node 2464: Label 4| Node 444: Label 4| Node 515: Label 4| Node 584: Label 4| Node 623: Label 4| Node 828: Label 4| Node 1102: Label 4| Node 1207: Label 4| Node 1530: Label 4| Node 1795: Label 4| Node 2289: Label ?| Node 2290: Label 4| Node 2465: Label 4| Node 582: Label 4| Node 140: Label 4| Node 340: Label 4| Node 2463: Label 4| Node 488: Label 4| ```
    ",Label of Node = 4,4
ego,1,7,2289,4,"Task : Node Label Prediction (Predict the label of the node marked with a ?, given the adjacency list information as a dictionary of type ""node:node neighborhood"" and node-label mapping in the text enclosed in triple backticks). Response should be in the format ""Label of Node = <predicted label>"". If the predicted label cannot be determined, return ""Label of Node = -1"". 
    ```Adjacency list: {'444': ['2464', '515', '582', '828', '488', '623', '2289', '2290'], '2464': ['444', '515', '584', '623', '828', '1102', '1207', '1530', '1795', '2289', '2290', '2465'], '515': ['2464', '444', '2465', '623', '1102'], '584': ['2464', '340', '623', '2289', '2463'], '623': ['2464', '444', '515', '584', '140', '2289'], '828': ['2464', '444', '1795'], '1102': ['2464', '515', '2465', '1207', '2290'], '1207': ['2464', '1102', '2290'], '1530': ['2464'], '1795': ['2464', '828'], '2289': ['2464', '444', '584', '623'], '2290': ['2464', '444', '1102', '1207'], '2465': ['2464', '515', '1102'], '582': ['444', '140'], '488': ['444'], '340': ['584', '2463'], '2463': ['584', '340'], '140': ['623', '582']}
Node to Label Mapping : 
Node 2464: Label 4| Node 444: Label 4| Node 515: Label 4| Node 584: Label 4| Node 623: Label 4| Node 828: Label 4| Node 1102: Label 4| Node 1207: Label 4| Node 1530: Label 4| Node 1795: Label 4| Node 2289: Label ?| Node 2290: Label 4| Node 2465: Label 4| Node 582: Label 4| Node 140: Label 4| Node 340: Label 4| Node 2463: Label 4| Node 488: Label 4| ```
    ",Label of Node = 4,4
ego,1,8,627,4,"Task : Node Label Prediction (Predict the label of the node marked with a ?, given the adjacency list information as a dictionary of type ""node:node neighborhood"" and node-label mapping in the text enclosed in triple backticks). Response should be in the format ""Label of Node = <predicted label>"". If the predicted label cannot be determined, return ""Label of Node = -1"". 
    ```Adjacency list: {'2122': ['2066', '665', '1051', '196', '2121', '91', '332', '627', '2040', '2123'], '2066': ['2122'], '665': ['2122', '332', '2120'], '1051': ['2122', '442'], '196': ['2122', '442'], '2121': ['2122', '2001'], '91': ['2122', '2001', '2123'], '332': ['2122', '665'], '627': ['2122', '2238', '2335', '442'], '2040': ['2122', '2120'], '2123': ['2122', '2001', '91'], '1702': ['22', '1703', '2238'], '22': ['1702', '1703', '2238'], '1703': ['22', '1702', '1969', '2238'], '2238': ['22', '1702', '1703', '151', '152', '1969', '2237', '627', '706', '2239', '2240'], '1969': ['1703', '2238'], '151': ['2238', '2335'], '152': ['2238', '2240'], '2237': ['2238'], '706': ['2238'], '2239': ['2238'], '2240': ['2238', '152'], '2335': ['151', '627', '1385', '1474', '1481', '1519', '2001', '2259', '2336'], '1385': ['2335'], '1474': ['2335'], '1481': ['2335'], '1519': ['2335'], '2001': ['2335', '2121', '2123', '91'], '2259': ['2335'], '2336': ['2335'], '2120': ['665', '442', '2040'], '442': ['2120', '1051', '286', '2362', '698', '196', '588', '627'], '286': ['442', '698'], '2362': ['442'], '698': ['442', '286', '588'], '588': ['442', '698']}
Node to Label Mapping : 
Node 2066: Label 3| Node 2122: Label 4| Node 22: Label 4| Node 1702: Label 4| Node 1703: Label 4| Node 2238: Label 4| Node 151: Label 4| Node 2335: Label 4| Node 152: Label 4| Node 2240: Label 4| Node 665: Label 4| Node 332: Label 3| Node 2120: Label 4| Node 1051: Label 4| Node 442: Label 4| Node 286: Label 4| Node 698: Label 4| Node 627: Label ?| Node 1385: Label 4| Node 1474: Label 4| Node 1481: Label 4| Node 1519: Label 4| Node 2001: Label 4| Node 2259: Label 4| Node 2336: Label 4| Node 1969: Label 4| Node 2362: Label 4| Node 588: Label 4| Node 196: Label 4| Node 2237: Label 4| Node 706: Label 4| Node 2239: Label 4| Node 2040: Label 4| Node 2121: Label 4| Node 91: Label 4| Node 2123: Label 4| ```
    ",Label of Node = 4,4
ego,1,9,165,3,"Task : Node Label Prediction (Predict the label of the node marked with a ?, given the adjacency list information as a dictionary of type ""node:node neighborhood"" and node-label mapping in the text enclosed in triple backticks). Response should be in the format ""Label of Node = <predicted label>"". If the predicted label cannot be determined, return ""Label of Node = -1"". 
    ```Adjacency list: {'598': ['519', '521', '143', '1297', '2707', '1299', '1301', '24', '157', '1821', '1823', '547', '165', '1573', '297', '48', '316', '1473', '968', '201', '1864', '1100', '845', '1870', '1107', '1875', '480', '637', '766', '869', '1003', '1636', '2138'], '519': ['598'], '521': ['598'], '143': ['598', '316'], '1297': ['598', '316', '766'], '2707': ['598', '2706', '165', '1473'], '1299': ['598'], '1301': ['598'], '24': ['598', '201', '1636'], '157': ['598', '1870'], '1821': ['598', '316'], '1823': ['598'], '547': ['598'], '165': ['598', '2706', '2707', '1473'], '1573': ['598'], '297': ['598', '201'], '48': ['598'], '316': ['598', '143', '1297', '1821', '766', '845'], '1473': ['598', '2706', '165', '2707'], '968': ['598'], '201': ['598', '24', '297'], '1864': ['598', '869'], '1100': ['598'], '845': ['598', '316', '766'], '1870': ['598', '157'], '1107': ['598'], '1875': ['598'], '480': ['598'], '637': ['598'], '766': ['598', '316', '1297', '845'], '869': ['598', '1864'], '1003': ['598'], '1636': ['598', '24'], '2138': ['598'], '2706': ['165', '169', '1473', '2707'], '169': ['2706']}
Node to Label Mapping : 
Node 519: Label 1| Node 598: Label 3| Node 521: Label 3| Node 143: Label 3| Node 316: Label 3| Node 1297: Label 3| Node 766: Label 3| Node 2706: Label 3| Node 165: Label ?| Node 169: Label 3| Node 1473: Label 3| Node 2707: Label 3| Node 1299: Label 3| Node 1301: Label 3| Node 24: Label 3| Node 201: Label 3| Node 1636: Label 3| Node 157: Label 3| Node 1870: Label 3| Node 1821: Label 3| Node 1823: Label 3| Node 547: Label 3| Node 1573: Label 3| Node 297: Label 3| Node 48: Label 3| Node 845: Label 3| Node 968: Label 1| Node 1864: Label 3| Node 869: Label 3| Node 1100: Label 3| Node 1107: Label 3| Node 1875: Label 3| Node 480: Label 2| Node 637: Label 3| Node 1003: Label 2| Node 2138: Label 3| ```
    ",Label of Node = 3,3
ego,1,10,539,6,"Task : Node Label Prediction (Predict the label of the node marked with a ?, given the adjacency list information as a dictionary of type ""node:node neighborhood"" and node-label mapping in the text enclosed in triple backticks). Response should be in the format ""Label of Node = <predicted label>"". If the predicted label cannot be determined, return ""Label of Node = -1"". 
    ```Adjacency list: {'2155': ['1152', '280', '539', '2295', '1203', '1224', '74', '586', '1118', '993', '2153', '749', '1131', '1143', '1535', '2293', '2294'], '1152': ['2155'], '280': ['2155', '1535'], '539': ['2155', '1616', '711'], '2295': ['2155'], '1203': ['2155'], '1224': ['2155', '586', '1131', '2153'], '74': ['2155', '586', '1118'], '586': ['2155', '1224', '74'], '1118': ['2155', '74'], '993': ['2155'], '2153': ['2155', '1224'], '749': ['2155'], '1131': ['2155', '1224'], '1143': ['2155'], '1535': ['2155', '280', '2293'], '2293': ['2155', '1535'], '2294': ['2155'], '1616': ['2050', '539', '412', '56', '1849', '447', '581', '118', '1402'], '2050': ['1616'], '412': ['1616', '56', '1849'], '56': ['1616', '412', '447', '1849'], '1849': ['1616', '412', '56', '447'], '447': ['1616', '56', '1849'], '581': ['1616', '118'], '118': ['1616', '2112', '581'], '1402': ['1616'], '711': ['644', '1285', '539', '414', '2112', '2113', '2111', '252', '496'], '644': ['711'], '1285': ['711'], '414': ['711'], '2112': ['711', '118'], '2113': ['711'], '2111': ['711'], '252': ['711'], '496': ['711']}
Node to Label Mapping : 
Node 1152: Label 0| Node 2155: Label 0| Node 2050: Label 6| Node 1616: Label 6| Node 644: Label 5| Node 711: Label 0| Node 1285: Label 0| Node 280: Label 0| Node 1535: Label 0| Node 539: Label ?| Node 412: Label 6| Node 56: Label 6| Node 1849: Label 6| Node 2295: Label 0| Node 414: Label 6| Node 1203: Label 0| Node 447: Label 6| Node 2112: Label 6| Node 118: Label 6| Node 2113: Label 2| Node 2111: Label 5| Node 581: Label 1| Node 252: Label 5| Node 496: Label 0| Node 1224: Label 0| Node 586: Label 0| Node 1131: Label 3| Node 2153: Label 4| Node 74: Label 0| Node 1118: Label 0| Node 1402: Label 6| Node 993: Label 6| Node 749: Label 4| Node 1143: Label 4| Node 2293: Label 0| Node 2294: Label 4| ```
    ","The node '539' is connected to nodes '2155', '1616', and '711'. The labels of these nodes are 0, 6, and 0 respectively. Since the majority of the connected nodes have the label 0, we can predict that the label of node '539' is also 0.

So, the response is ""Label of Node = 0"".","0""."
ego,1,11,539,6,"Task : Node Label Prediction (Predict the label of the node marked with a ?, given the adjacency list information as a dictionary of type ""node:node neighborhood"" and node-label mapping in the text enclosed in triple backticks). Response should be in the format ""Label of Node = <predicted label>"". If the predicted label cannot be determined, return ""Label of Node = -1"". 
    ```Adjacency list: {'2155': ['1152', '280', '539', '2295', '1203', '1224', '74', '586', '1118', '993', '2153', '749', '1131', '1143', '1535', '2293', '2294'], '1152': ['2155'], '280': ['2155', '1535'], '539': ['2155', '1616', '711'], '2295': ['2155'], '1203': ['2155'], '1224': ['2155', '586', '1131', '2153'], '74': ['2155', '586', '1118'], '586': ['2155', '1224', '74'], '1118': ['2155', '74'], '993': ['2155'], '2153': ['2155', '1224'], '749': ['2155'], '1131': ['2155', '1224'], '1143': ['2155'], '1535': ['2155', '280', '2293'], '2293': ['2155', '1535'], '2294': ['2155'], '1616': ['2050', '539', '412', '56', '1849', '447', '581', '118', '1402'], '2050': ['1616'], '412': ['1616', '56', '1849'], '56': ['1616', '412', '447', '1849'], '1849': ['1616', '412', '56', '447'], '447': ['1616', '56', '1849'], '581': ['1616', '118'], '118': ['1616', '2112', '581'], '1402': ['1616'], '711': ['644', '1285', '539', '414', '2112', '2113', '2111', '252', '496'], '644': ['711'], '1285': ['711'], '414': ['711'], '2112': ['711', '118'], '2113': ['711'], '2111': ['711'], '252': ['711'], '496': ['711']}
Node to Label Mapping : 
Node 1152: Label 0| Node 2155: Label 0| Node 2050: Label 6| Node 1616: Label 6| Node 644: Label 5| Node 711: Label 0| Node 1285: Label 0| Node 280: Label 0| Node 1535: Label 0| Node 539: Label ?| Node 412: Label 6| Node 56: Label 6| Node 1849: Label 6| Node 2295: Label 0| Node 414: Label 6| Node 1203: Label 0| Node 447: Label 6| Node 2112: Label 6| Node 118: Label 6| Node 2113: Label 2| Node 2111: Label 5| Node 581: Label 1| Node 252: Label 5| Node 496: Label 0| Node 1224: Label 0| Node 586: Label 0| Node 1131: Label 3| Node 2153: Label 4| Node 74: Label 0| Node 1118: Label 0| Node 1402: Label 6| Node 993: Label 6| Node 749: Label 4| Node 1143: Label 4| Node 2293: Label 0| Node 2294: Label 4| ```
    ","The node '539' is connected to nodes '2155', '1616', and '711'. The labels of these nodes are 0, 6, and 0 respectively. Since the majority label of the connected nodes is 0, we can predict the label of node '539' as 0.

So, the response is ""Label of Node = 0"".","0""."
ego,1,12,239,0,"Task : Node Label Prediction (Predict the label of the node marked with a ?, given the adjacency list information as a dictionary of type ""node:node neighborhood"" and node-label mapping in the text enclosed in triple backticks). Response should be in the format ""Label of Node = <predicted label>"". If the predicted label cannot be determined, return ""Label of Node = -1"". 
    ```Adjacency list: {'1909': ['2305', '1171', '1848', '211', '1131', '239'], '2305': ['1909'], '1171': ['1909'], '1848': ['1909', '1376', '2419'], '211': ['1909'], '1131': ['1909'], '239': ['1909', '65', '2182', '910', '1069', '1220', '1759', '1376', '2021', '619', '887', '1274', '2418'], '55': ['771', '1156', '2021'], '771': ['55', '65', '1156'], '65': ['771', '1156', '1293', '543', '239', '619', '1628', '2021', '2418', '2419'], '1156': ['771', '55', '65'], '2021': ['55', '65', '239', '2418', '1628'], '1293': ['65', '2418'], '543': ['65'], '619': ['65', '239'], '1628': ['65', '95', '525', '1139', '2172', '2021'], '2418': ['65', '239', '1293', '57', '572', '2021'], '2419': ['65', '1848'], '2182': ['1285', '52', '95', '239', '415', '525', '858', '1139', '1515', '1838', '2072', '2131', '2133', '2172', '2180', '2198', '2231', '2232', '2233'], '1285': ['2182'], '52': ['2182', '1139', '2172'], '95': ['2182', '1838', '1628'], '415': ['2182', '525'], '525': ['2182', '415', '2180', '1628', '2172'], '858': ['2182'], '1139': ['2182', '52', '1628'], '1515': ['2182'], '1838': ['2182', '95'], '2072': ['2182'], '2131': ['2182', '2133'], '2133': ['2182', '2131'], '2172': ['2182', '52', '525', '1628'], '2180': ['2182', '525'], '2198': ['2182'], '2231': ['2182'], '2232': ['2182', '1376'], '2233': ['2182'], '910': ['239', '139', '306', '887', '1623', '2085'], '1069': ['239'], '1220': ['239'], '1759': ['239', '569', '1358', '493'], '1376': ['239', '2232', '1848'], '887': ['239', '306', '910', '1623', '1624'], '1274': ['239'], '306': ['139', '910', '2085', '887'], '139': ['306', '910', '1623'], '1623': ['139', '910', '887'], '2085': ['306', '910'], '57': ['2418'], '572': ['2418'], '1624': ['887'], '569': ['1759'], '1358': ['1759'], '493': ['1759']}
Node to Label Mapping : 
Node 2305: Label 3| Node 1909: Label 0| Node 771: Label 0| Node 55: Label 4| Node 65: Label 0| Node 1156: Label 0| Node 1285: Label 0| Node 2182: Label 0| Node 52: Label 0| Node 95: Label 0| Node 239: Label ?| Node 415: Label 0| Node 525: Label 0| Node 858: Label 0| Node 1139: Label 0| Node 1515: Label 0| Node 1838: Label 0| Node 2072: Label 0| Node 2131: Label 0| Node 2133: Label 0| Node 2172: Label 0| Node 2180: Label 0| Node 2198: Label 0| Node 2231: Label 0| Node 2232: Label 0| Node 2233: Label 0| Node 139: Label 1| Node 306: Label 1| Node 910: Label 1| Node 1623: Label 1| Node 1293: Label 0| Node 2418: Label 0| Node 887: Label 1| Node 2085: Label 1| Node 1628: Label 0| Node 1171: Label 3| Node 543: Label 0| Node 1069: Label 0| Node 2021: Label 0| Node 1848: Label 0| Node 1376: Label 0| Node 2419: Label 0| Node 569: Label 2| Node 1759: Label 2| Node 57: Label 3| Node 572: Label 0| Node 619: Label 0| Node 1220: Label 0| Node 1358: Label 2| Node 211: Label 0| Node 1624: Label 1| Node 493: Label 2| Node 1131: Label 3| Node 1274: Label 3| ```
    ","The label of the node can be predicted based on the labels of its neighboring nodes. The node '239' is connected to nodes with labels 0, 1, 2, 3, and 4. However, the majority of its neighbors have the label 0. Therefore, it is reasonable to predict that the label of node '239' is also 0.

Label of Node = 0",0
ego,1,13,1682,0,"Task : Node Label Prediction (Predict the label of the node marked with a ?, given the adjacency list information as a dictionary of type ""node:node neighborhood"" and node-label mapping in the text enclosed in triple backticks). Response should be in the format ""Label of Node = <predicted label>"". If the predicted label cannot be determined, return ""Label of Node = -1"". 
    ```Adjacency list: {'733': ['2304', '1160', '1294', '1682', '401', '794', '1817', '1818', '678', '1062', '1192', '45', '1329', '435', '2302', '2303', '2008', '218', '2011', '2268', '94', '377', '383', '759', '862', '1265', '2035', '2291', '2301'], '2304': ['733'], '1160': ['733', '401', '794', '2268'], '1294': ['733'], '1682': ['733', '1012', '2189', '2319', '2320', '2321', '407', '695', '948', '2291'], '401': ['733', '1160'], '794': ['733', '1160'], '1817': ['733'], '1818': ['733'], '678': ['733', '377'], '1062': ['733', '1192'], '1192': ['733', '1062'], '45': ['733', '2303'], '1329': ['733'], '435': ['733'], '2302': ['733'], '2303': ['733', '45'], '2008': ['733', '2301'], '218': ['733'], '2011': ['733'], '2268': ['733', '1160', '383', '2291'], '94': ['733'], '377': ['733', '2291', '678', '1265'], '383': ['733', '2268'], '759': ['733'], '862': ['733'], '1265': ['733', '2291', '377'], '2035': ['733'], '2291': ['733', '2268', '1682', '2233', '715', '481', '1265', '377', '2292'], '2301': ['733', '2008'], '1012': ['1797', '1682', '1681', '695', '1336'], '1797': ['1012', '1336'], '1336': ['1797', '1012', '695'], '1681': ['1012', '2319', '695', '2320', '407', '409', '948'], '695': ['1012', '1336', '1682', '2319', '1681', '407', '948', '1790', '1998'], '69': ['1926', '2189'], '1926': ['69', '2189'], '2189': ['1926', '69', '454', '847', '1395', '1682'], '454': ['2189'], '847': ['2189'], '1395': ['2189', '948', '2266'], '948': ['1395', '1682', '695', '1681'], '2266': ['1395', '2321'], '2319': ['1682', '695', '1681'], '2320': ['1682', '1681'], '2321': ['1682', '2266'], '407': ['1682', '695', '1681', '409'], '1790': ['695'], '1998': ['695'], '409': ['1681', '407'], '2233': ['2291'], '715': ['2291'], '481': ['2291'], '2292': ['2291']}
Node to Label Mapping : 
Node 2304: Label 3| Node 733: Label 0| Node 1797: Label 1| Node 1012: Label 4| Node 1336: Label 4| Node 1926: Label 0| Node 69: Label 6| Node 2189: Label 0| Node 1160: Label 3| Node 401: Label 3| Node 794: Label 0| Node 2268: Label 0| Node 454: Label 5| Node 847: Label 6| Node 1395: Label 0| Node 1682: Label ?| Node 1294: Label 3| Node 2319: Label 1| Node 695: Label 3| Node 1681: Label 3| Node 2320: Label 3| Node 2321: Label 0| Node 2266: Label 0| Node 407: Label 3| Node 948: Label 0| Node 2291: Label 0| Node 409: Label 1| Node 1817: Label 3| Node 1818: Label 3| Node 678: Label 3| Node 377: Label 3| Node 1062: Label 3| Node 1192: Label 3| Node 45: Label 3| Node 2303: Label 3| Node 1329: Label 3| Node 435: Label 4| Node 1790: Label 1| Node 1998: Label 5| Node 2233: Label 0| Node 2302: Label 3| Node 715: Label 4| Node 2008: Label 3| Node 2301: Label 3| Node 218: Label 3| Node 2011: Label 3| Node 383: Label 3| Node 94: Label 0| Node 759: Label 4| Node 862: Label 4| Node 1265: Label 4| Node 2035: Label 3| Node 481: Label 2| Node 2292: Label 4| ```
    ","The label of node 1682 can be predicted by looking at the labels of its neighboring nodes. The neighbors of node 1682 are ['733', '1012', '2189', '2319', '2320', '2321', '407', '695', '948', '2291']. The labels of these nodes are [0, 4, 0, 1, 3, 0, 3, 3, 0, 0] respectively. The most common label among these is 0. Therefore, the predicted label for node 1682 is 0.

Label of Node = 0",0
ego,1,14,1682,0,"Task : Node Label Prediction (Predict the label of the node marked with a ?, given the adjacency list information as a dictionary of type ""node:node neighborhood"" and node-label mapping in the text enclosed in triple backticks). Response should be in the format ""Label of Node = <predicted label>"". If the predicted label cannot be determined, return ""Label of Node = -1"". 
    ```Adjacency list: {'733': ['2304', '1160', '1294', '1682', '401', '794', '1817', '1818', '678', '1062', '1192', '45', '1329', '435', '2302', '2303', '2008', '218', '2011', '2268', '94', '377', '383', '759', '862', '1265', '2035', '2291', '2301'], '2304': ['733'], '1160': ['733', '401', '794', '2268'], '1294': ['733'], '1682': ['733', '1012', '2189', '2319', '2320', '2321', '407', '695', '948', '2291'], '401': ['733', '1160'], '794': ['733', '1160'], '1817': ['733'], '1818': ['733'], '678': ['733', '377'], '1062': ['733', '1192'], '1192': ['733', '1062'], '45': ['733', '2303'], '1329': ['733'], '435': ['733'], '2302': ['733'], '2303': ['733', '45'], '2008': ['733', '2301'], '218': ['733'], '2011': ['733'], '2268': ['733', '1160', '383', '2291'], '94': ['733'], '377': ['733', '2291', '678', '1265'], '383': ['733', '2268'], '759': ['733'], '862': ['733'], '1265': ['733', '2291', '377'], '2035': ['733'], '2291': ['733', '2268', '1682', '2233', '715', '481', '1265', '377', '2292'], '2301': ['733', '2008'], '1012': ['1797', '1682', '1681', '695', '1336'], '1797': ['1012', '1336'], '1336': ['1797', '1012', '695'], '1681': ['1012', '2319', '695', '2320', '407', '409', '948'], '695': ['1012', '1336', '1682', '2319', '1681', '407', '948', '1790', '1998'], '69': ['1926', '2189'], '1926': ['69', '2189'], '2189': ['1926', '69', '454', '847', '1395', '1682'], '454': ['2189'], '847': ['2189'], '1395': ['2189', '948', '2266'], '948': ['1395', '1682', '695', '1681'], '2266': ['1395', '2321'], '2319': ['1682', '695', '1681'], '2320': ['1682', '1681'], '2321': ['1682', '2266'], '407': ['1682', '695', '1681', '409'], '1790': ['695'], '1998': ['695'], '409': ['1681', '407'], '2233': ['2291'], '715': ['2291'], '481': ['2291'], '2292': ['2291']}
Node to Label Mapping : 
Node 2304: Label 3| Node 733: Label 0| Node 1797: Label 1| Node 1012: Label 4| Node 1336: Label 4| Node 1926: Label 0| Node 69: Label 6| Node 2189: Label 0| Node 1160: Label 3| Node 401: Label 3| Node 794: Label 0| Node 2268: Label 0| Node 454: Label 5| Node 847: Label 6| Node 1395: Label 0| Node 1682: Label ?| Node 1294: Label 3| Node 2319: Label 1| Node 695: Label 3| Node 1681: Label 3| Node 2320: Label 3| Node 2321: Label 0| Node 2266: Label 0| Node 407: Label 3| Node 948: Label 0| Node 2291: Label 0| Node 409: Label 1| Node 1817: Label 3| Node 1818: Label 3| Node 678: Label 3| Node 377: Label 3| Node 1062: Label 3| Node 1192: Label 3| Node 45: Label 3| Node 2303: Label 3| Node 1329: Label 3| Node 435: Label 4| Node 1790: Label 1| Node 1998: Label 5| Node 2233: Label 0| Node 2302: Label 3| Node 715: Label 4| Node 2008: Label 3| Node 2301: Label 3| Node 218: Label 3| Node 2011: Label 3| Node 383: Label 3| Node 94: Label 0| Node 759: Label 4| Node 862: Label 4| Node 1265: Label 4| Node 2035: Label 3| Node 481: Label 2| Node 2292: Label 4| ```
    ","The label of a node can often be predicted based on the labels of its neighboring nodes. In this case, the node in question is '1682'. Looking at the adjacency list, we can see that '1682' is connected to the nodes '733', '1012', '2189', '2319', '2320', '2321', '407', '695', '948', '2291'. 

Checking the node to label mapping, we can see that the labels of these nodes are as follows:

- '733': Label 0
- '1012': Label 4
- '2189': Label 0
- '2319': Label 1
- '2320': Label 3
- '2321': Label 0
- '407': Label 3
- '695': Label 3
- '948': Label 0
- '2291': Label 0

The most common label among these nodes is 0. Therefore, it is reasonable to predict that the label of node '1682' is also 0.

So, the response is: ""Label of Node = 0"".","0""."
ego,1,15,1682,0,"Task : Node Label Prediction (Predict the label of the node marked with a ?, given the adjacency list information as a dictionary of type ""node:node neighborhood"" and node-label mapping in the text enclosed in triple backticks). Response should be in the format ""Label of Node = <predicted label>"". If the predicted label cannot be determined, return ""Label of Node = -1"". 
    ```Adjacency list: {'733': ['2304', '1160', '1294', '1682', '401', '794', '1817', '1818', '678', '1062', '1192', '45', '1329', '435', '2302', '2303', '2008', '218', '2011', '2268', '94', '377', '383', '759', '862', '1265', '2035', '2291', '2301'], '2304': ['733'], '1160': ['733', '401', '794', '2268'], '1294': ['733'], '1682': ['733', '1012', '2189', '2319', '2320', '2321', '407', '695', '948', '2291'], '401': ['733', '1160'], '794': ['733', '1160'], '1817': ['733'], '1818': ['733'], '678': ['733', '377'], '1062': ['733', '1192'], '1192': ['733', '1062'], '45': ['733', '2303'], '1329': ['733'], '435': ['733'], '2302': ['733'], '2303': ['733', '45'], '2008': ['733', '2301'], '218': ['733'], '2011': ['733'], '2268': ['733', '1160', '383', '2291'], '94': ['733'], '377': ['733', '2291', '678', '1265'], '383': ['733', '2268'], '759': ['733'], '862': ['733'], '1265': ['733', '2291', '377'], '2035': ['733'], '2291': ['733', '2268', '1682', '2233', '715', '481', '1265', '377', '2292'], '2301': ['733', '2008'], '1012': ['1797', '1682', '1681', '695', '1336'], '1797': ['1012', '1336'], '1336': ['1797', '1012', '695'], '1681': ['1012', '2319', '695', '2320', '407', '409', '948'], '695': ['1012', '1336', '1682', '2319', '1681', '407', '948', '1790', '1998'], '69': ['1926', '2189'], '1926': ['69', '2189'], '2189': ['1926', '69', '454', '847', '1395', '1682'], '454': ['2189'], '847': ['2189'], '1395': ['2189', '948', '2266'], '948': ['1395', '1682', '695', '1681'], '2266': ['1395', '2321'], '2319': ['1682', '695', '1681'], '2320': ['1682', '1681'], '2321': ['1682', '2266'], '407': ['1682', '695', '1681', '409'], '1790': ['695'], '1998': ['695'], '409': ['1681', '407'], '2233': ['2291'], '715': ['2291'], '481': ['2291'], '2292': ['2291']}
Node to Label Mapping : 
Node 2304: Label 3| Node 733: Label 0| Node 1797: Label 1| Node 1012: Label 4| Node 1336: Label 4| Node 1926: Label 0| Node 69: Label 6| Node 2189: Label 0| Node 1160: Label 3| Node 401: Label 3| Node 794: Label 0| Node 2268: Label 0| Node 454: Label 5| Node 847: Label 6| Node 1395: Label 0| Node 1682: Label ?| Node 1294: Label 3| Node 2319: Label 1| Node 695: Label 3| Node 1681: Label 3| Node 2320: Label 3| Node 2321: Label 0| Node 2266: Label 0| Node 407: Label 3| Node 948: Label 0| Node 2291: Label 0| Node 409: Label 1| Node 1817: Label 3| Node 1818: Label 3| Node 678: Label 3| Node 377: Label 3| Node 1062: Label 3| Node 1192: Label 3| Node 45: Label 3| Node 2303: Label 3| Node 1329: Label 3| Node 435: Label 4| Node 1790: Label 1| Node 1998: Label 5| Node 2233: Label 0| Node 2302: Label 3| Node 715: Label 4| Node 2008: Label 3| Node 2301: Label 3| Node 218: Label 3| Node 2011: Label 3| Node 383: Label 3| Node 94: Label 0| Node 759: Label 4| Node 862: Label 4| Node 1265: Label 4| Node 2035: Label 3| Node 481: Label 2| Node 2292: Label 4| ```
    ","The label of a node can often be predicted based on the labels of its neighboring nodes. In this case, the node in question is '1682'. Looking at the adjacency list, we can see that '1682' is connected to the nodes '733', '1012', '2189', '2319', '2320', '2321', '407', '695', '948', '2291'. 

Checking the node to label mapping, we can see that the labels of these nodes are as follows:

- '733': Label 0
- '1012': Label 4
- '2189': Label 0
- '2319': Label 1
- '2320': Label 3
- '2321': Label 0
- '407': Label 3
- '695': Label 3
- '948': Label 0
- '2291': Label 0

The most common label among these nodes is 0. Therefore, it is reasonable to predict that the label of node '1682' is also 0.

So, the response is: Label of Node = 0.",0.
ego,1,16,297,3,"Task : Node Label Prediction (Predict the label of the node marked with a ?, given the adjacency list information as a dictionary of type ""node:node neighborhood"" and node-label mapping in the text enclosed in triple backticks). Response should be in the format ""Label of Node = <predicted label>"". If the predicted label cannot be determined, return ""Label of Node = -1"". 
    ```Adjacency list: {'297': ['899', '1542', '185', '201', '598'], '899': ['297', '1055', '1858', '1986'], '1055': ['899', '1577'], '1858': ['899', '1701'], '1986': ['899', '519', '201', '968', '1870', '1875', '2003'], '1542': ['297', '1413', '219', '251', '338', '402', '776', '812', '872', '877', '1340', '216', '918', '990', '1176', '1177', '1300', '1301', '1334', '1477', '1577', '1607', '1931', '1935', '1936', '1939', '1940', '1941', '1942', '1943'], '185': ['297', '2003'], '201': ['297', '1986', '598', '1701', '24', '570', '2430'], '598': ['297', '1301', '519', '521', '766', '143', '1297', '1299', '2707', '24', '157', '1821', '1823', '547', '165', '1573', '48', '316', '1473', '968', '201', '1864', '1100', '845', '1870', '1107', '1875', '480', '637', '869', '1003', '1636', '2138'], '1577': ['1055', '1542', '1334'], '1701': ['1858', '216', '1334', '143', '1299', '24', '157', '547', '201', '869', '1100', '1636', '1864', '1870', '1875'], '519': ['1986', '598'], '968': ['1986', '598'], '1870': ['1986', '598', '1701', '157'], '1875': ['1986', '598', '1701'], '2003': ['1986', '185'], '219': ['1413', '1542'], '1413': ['219', '251', '338', '402', '776', '812', '872', '877', '1340', '1542', '1931', '1935', '1936'], '251': ['1413', '1542', '1300', '812'], '338': ['1413', '1542'], '402': ['1413', '1542', '776', '1936', '1940'], '776': ['1413', '402', '1542'], '812': ['1413', '251', '1542', '1300'], '872': ['1413', '1542', '1340'], '877': ['1413', '1542', '1935', '1300', '1176', '1177'], '1340': ['1413', '872', '1542', '1943'], '1931': ['1413', '1542'], '1935': ['1413', '877', '1542', '1176', '1177'], '1936': ['1413', '402', '1542'], '1300': ['251', '812', '877', '1542', '1940', '1941'], '1940': ['402', '1542', '1300'], '1176': ['877', '1542', '1935'], '1177': ['877', '1542', '1935'], '1943': ['1340', '1542'], '216': ['1542', '1701'], '918': ['1542'], '990': ['1542'], '1301': ['1542', '598'], '1334': ['1542', '1701', '1941', '1577'], '1477': ['1542'], '1607': ['1542'], '1939': ['1542'], '1941': ['1542', '1300', '1334'], '1942': ['1542'], '521': ['598'], '766': ['598', '316', '845', '1297'], '143': ['598', '316', '1701'], '1297': ['598', '766', '316'], '1299': ['598', '1701'], '2707': ['598', '165', '1473'], '24': ['598', '1701', '201', '1636'], '157': ['598', '1701', '1870'], '1821': ['598', '316'], '1823': ['598'], '547': ['598', '1701'], '165': ['598', '2707', '1473'], '1573': ['598'], '48': ['598'], '316': ['598', '766', '143', '1297', '1821', '845'], '1473': ['598', '2707', '165'], '1864': ['598', '1701', '869'], '1100': ['598', '1701'], '845': ['598', '766', '316'], '1107': ['598'], '480': ['598'], '637': ['598'], '869': ['598', '1701', '1864'], '1003': ['598'], '1636': ['598', '1701', '24'], '2138': ['598'], '570': ['201', '2430'], '2430': ['201', '570']}
Node to Label Mapping : 
Node 899: Label 3| Node 297: Label ?| Node 1055: Label 3| Node 1858: Label 3| Node 1986: Label 3| Node 1413: Label 3| Node 219: Label 3| Node 251: Label 3| Node 338: Label 3| Node 402: Label 3| Node 776: Label 4| Node 812: Label 3| Node 872: Label 4| Node 877: Label 3| Node 1340: Label 3| Node 1542: Label 3| Node 1931: Label 3| Node 1935: Label 3| Node 1936: Label 3| Node 216: Label 3| Node 918: Label 3| Node 990: Label 3| Node 1176: Label 3| Node 1177: Label 3| Node 1300: Label 3| Node 1301: Label 3| Node 1334: Label 3| Node 1477: Label 3| Node 1577: Label 3| Node 1607: Label 3| Node 1939: Label 3| Node 1940: Label 3| Node 1941: Label 3| Node 1942: Label 3| Node 1943: Label 3| Node 519: Label 1| Node 598: Label 3| Node 521: Label 3| Node 766: Label 3| Node 316: Label 3| Node 845: Label 3| Node 1297: Label 3| Node 143: Label 3| Node 1701: Label 3| Node 1299: Label 3| Node 2707: Label 3| Node 165: Label 3| Node 1473: Label 3| Node 24: Label 3| Node 201: Label 3| Node 1636: Label 3| Node 157: Label 3| Node 1870: Label 3| Node 1821: Label 3| Node 1823: Label 3| Node 547: Label 3| Node 869: Label 3| Node 1100: Label 3| Node 1864: Label 3| Node 1875: Label 3| Node 1573: Label 3| Node 185: Label 3| Node 48: Label 3| Node 2003: Label 3| Node 570: Label 3| Node 2430: Label 3| Node 968: Label 1| Node 1107: Label 3| Node 480: Label 2| Node 637: Label 3| Node 1003: Label 2| Node 2138: Label 3| ```
    ",Label of Node = 3,3
ego,1,17,297,3,"Task : Node Label Prediction (Predict the label of the node marked with a ?, given the adjacency list information as a dictionary of type ""node:node neighborhood"" and node-label mapping in the text enclosed in triple backticks). Response should be in the format ""Label of Node = <predicted label>"". If the predicted label cannot be determined, return ""Label of Node = -1"". 
    ```Adjacency list: {'297': ['899', '1542', '185', '201', '598'], '899': ['297', '1055', '1858', '1986'], '1055': ['899', '1577'], '1858': ['899', '1701'], '1986': ['899', '519', '201', '968', '1870', '1875', '2003'], '1542': ['297', '1413', '219', '251', '338', '402', '776', '812', '872', '877', '1340', '216', '918', '990', '1176', '1177', '1300', '1301', '1334', '1477', '1577', '1607', '1931', '1935', '1936', '1939', '1940', '1941', '1942', '1943'], '185': ['297', '2003'], '201': ['297', '1986', '598', '1701', '24', '570', '2430'], '598': ['297', '1301', '519', '521', '766', '143', '1297', '1299', '2707', '24', '157', '1821', '1823', '547', '165', '1573', '48', '316', '1473', '968', '201', '1864', '1100', '845', '1870', '1107', '1875', '480', '637', '869', '1003', '1636', '2138'], '1577': ['1055', '1542', '1334'], '1701': ['1858', '216', '1334', '143', '1299', '24', '157', '547', '201', '869', '1100', '1636', '1864', '1870', '1875'], '519': ['1986', '598'], '968': ['1986', '598'], '1870': ['1986', '598', '1701', '157'], '1875': ['1986', '598', '1701'], '2003': ['1986', '185'], '219': ['1413', '1542'], '1413': ['219', '251', '338', '402', '776', '812', '872', '877', '1340', '1542', '1931', '1935', '1936'], '251': ['1413', '1542', '1300', '812'], '338': ['1413', '1542'], '402': ['1413', '1542', '776', '1936', '1940'], '776': ['1413', '402', '1542'], '812': ['1413', '251', '1542', '1300'], '872': ['1413', '1542', '1340'], '877': ['1413', '1542', '1935', '1300', '1176', '1177'], '1340': ['1413', '872', '1542', '1943'], '1931': ['1413', '1542'], '1935': ['1413', '877', '1542', '1176', '1177'], '1936': ['1413', '402', '1542'], '1300': ['251', '812', '877', '1542', '1940', '1941'], '1940': ['402', '1542', '1300'], '1176': ['877', '1542', '1935'], '1177': ['877', '1542', '1935'], '1943': ['1340', '1542'], '216': ['1542', '1701'], '918': ['1542'], '990': ['1542'], '1301': ['1542', '598'], '1334': ['1542', '1701', '1941', '1577'], '1477': ['1542'], '1607': ['1542'], '1939': ['1542'], '1941': ['1542', '1300', '1334'], '1942': ['1542'], '521': ['598'], '766': ['598', '316', '845', '1297'], '143': ['598', '316', '1701'], '1297': ['598', '766', '316'], '1299': ['598', '1701'], '2707': ['598', '165', '1473'], '24': ['598', '1701', '201', '1636'], '157': ['598', '1701', '1870'], '1821': ['598', '316'], '1823': ['598'], '547': ['598', '1701'], '165': ['598', '2707', '1473'], '1573': ['598'], '48': ['598'], '316': ['598', '766', '143', '1297', '1821', '845'], '1473': ['598', '2707', '165'], '1864': ['598', '1701', '869'], '1100': ['598', '1701'], '845': ['598', '766', '316'], '1107': ['598'], '480': ['598'], '637': ['598'], '869': ['598', '1701', '1864'], '1003': ['598'], '1636': ['598', '1701', '24'], '2138': ['598'], '570': ['201', '2430'], '2430': ['201', '570']}
Node to Label Mapping : 
Node 899: Label 3| Node 297: Label ?| Node 1055: Label 3| Node 1858: Label 3| Node 1986: Label 3| Node 1413: Label 3| Node 219: Label 3| Node 251: Label 3| Node 338: Label 3| Node 402: Label 3| Node 776: Label 4| Node 812: Label 3| Node 872: Label 4| Node 877: Label 3| Node 1340: Label 3| Node 1542: Label 3| Node 1931: Label 3| Node 1935: Label 3| Node 1936: Label 3| Node 216: Label 3| Node 918: Label 3| Node 990: Label 3| Node 1176: Label 3| Node 1177: Label 3| Node 1300: Label 3| Node 1301: Label 3| Node 1334: Label 3| Node 1477: Label 3| Node 1577: Label 3| Node 1607: Label 3| Node 1939: Label 3| Node 1940: Label 3| Node 1941: Label 3| Node 1942: Label 3| Node 1943: Label 3| Node 519: Label 1| Node 598: Label 3| Node 521: Label 3| Node 766: Label 3| Node 316: Label 3| Node 845: Label 3| Node 1297: Label 3| Node 143: Label 3| Node 1701: Label 3| Node 1299: Label 3| Node 2707: Label 3| Node 165: Label 3| Node 1473: Label 3| Node 24: Label 3| Node 201: Label 3| Node 1636: Label 3| Node 157: Label 3| Node 1870: Label 3| Node 1821: Label 3| Node 1823: Label 3| Node 547: Label 3| Node 869: Label 3| Node 1100: Label 3| Node 1864: Label 3| Node 1875: Label 3| Node 1573: Label 3| Node 185: Label 3| Node 48: Label 3| Node 2003: Label 3| Node 570: Label 3| Node 2430: Label 3| Node 968: Label 1| Node 1107: Label 3| Node 480: Label 2| Node 637: Label 3| Node 1003: Label 2| Node 2138: Label 3| ```
    ",Label of Node = 3,3
ego,1,18,297,3,"Task : Node Label Prediction (Predict the label of the node marked with a ?, given the adjacency list information as a dictionary of type ""node:node neighborhood"" and node-label mapping in the text enclosed in triple backticks). Response should be in the format ""Label of Node = <predicted label>"". If the predicted label cannot be determined, return ""Label of Node = -1"". 
    ```Adjacency list: {'297': ['899', '1542', '185', '201', '598'], '899': ['297', '1055', '1858', '1986'], '1055': ['899', '1577'], '1858': ['899', '1701'], '1986': ['899', '519', '201', '968', '1870', '1875', '2003'], '1542': ['297', '1413', '219', '251', '338', '402', '776', '812', '872', '877', '1340', '216', '918', '990', '1176', '1177', '1300', '1301', '1334', '1477', '1577', '1607', '1931', '1935', '1936', '1939', '1940', '1941', '1942', '1943'], '185': ['297', '2003'], '201': ['297', '1986', '598', '1701', '24', '570', '2430'], '598': ['297', '1301', '519', '521', '766', '143', '1297', '1299', '2707', '24', '157', '1821', '1823', '547', '165', '1573', '48', '316', '1473', '968', '201', '1864', '1100', '845', '1870', '1107', '1875', '480', '637', '869', '1003', '1636', '2138'], '1577': ['1055', '1542', '1334'], '1701': ['1858', '216', '1334', '143', '1299', '24', '157', '547', '201', '869', '1100', '1636', '1864', '1870', '1875'], '519': ['1986', '598'], '968': ['1986', '598'], '1870': ['1986', '598', '1701', '157'], '1875': ['1986', '598', '1701'], '2003': ['1986', '185'], '219': ['1413', '1542'], '1413': ['219', '251', '338', '402', '776', '812', '872', '877', '1340', '1542', '1931', '1935', '1936'], '251': ['1413', '1542', '1300', '812'], '338': ['1413', '1542'], '402': ['1413', '1542', '776', '1936', '1940'], '776': ['1413', '402', '1542'], '812': ['1413', '251', '1542', '1300'], '872': ['1413', '1542', '1340'], '877': ['1413', '1542', '1935', '1300', '1176', '1177'], '1340': ['1413', '872', '1542', '1943'], '1931': ['1413', '1542'], '1935': ['1413', '877', '1542', '1176', '1177'], '1936': ['1413', '402', '1542'], '1300': ['251', '812', '877', '1542', '1940', '1941'], '1940': ['402', '1542', '1300'], '1176': ['877', '1542', '1935'], '1177': ['877', '1542', '1935'], '1943': ['1340', '1542'], '216': ['1542', '1701'], '918': ['1542'], '990': ['1542'], '1301': ['1542', '598'], '1334': ['1542', '1701', '1941', '1577'], '1477': ['1542'], '1607': ['1542'], '1939': ['1542'], '1941': ['1542', '1300', '1334'], '1942': ['1542'], '521': ['598'], '766': ['598', '316', '845', '1297'], '143': ['598', '316', '1701'], '1297': ['598', '766', '316'], '1299': ['598', '1701'], '2707': ['598', '165', '1473'], '24': ['598', '1701', '201', '1636'], '157': ['598', '1701', '1870'], '1821': ['598', '316'], '1823': ['598'], '547': ['598', '1701'], '165': ['598', '2707', '1473'], '1573': ['598'], '48': ['598'], '316': ['598', '766', '143', '1297', '1821', '845'], '1473': ['598', '2707', '165'], '1864': ['598', '1701', '869'], '1100': ['598', '1701'], '845': ['598', '766', '316'], '1107': ['598'], '480': ['598'], '637': ['598'], '869': ['598', '1701', '1864'], '1003': ['598'], '1636': ['598', '1701', '24'], '2138': ['598'], '570': ['201', '2430'], '2430': ['201', '570']}
Node to Label Mapping : 
Node 899: Label 3| Node 297: Label ?| Node 1055: Label 3| Node 1858: Label 3| Node 1986: Label 3| Node 1413: Label 3| Node 219: Label 3| Node 251: Label 3| Node 338: Label 3| Node 402: Label 3| Node 776: Label 4| Node 812: Label 3| Node 872: Label 4| Node 877: Label 3| Node 1340: Label 3| Node 1542: Label 3| Node 1931: Label 3| Node 1935: Label 3| Node 1936: Label 3| Node 216: Label 3| Node 918: Label 3| Node 990: Label 3| Node 1176: Label 3| Node 1177: Label 3| Node 1300: Label 3| Node 1301: Label 3| Node 1334: Label 3| Node 1477: Label 3| Node 1577: Label 3| Node 1607: Label 3| Node 1939: Label 3| Node 1940: Label 3| Node 1941: Label 3| Node 1942: Label 3| Node 1943: Label 3| Node 519: Label 1| Node 598: Label 3| Node 521: Label 3| Node 766: Label 3| Node 316: Label 3| Node 845: Label 3| Node 1297: Label 3| Node 143: Label 3| Node 1701: Label 3| Node 1299: Label 3| Node 2707: Label 3| Node 165: Label 3| Node 1473: Label 3| Node 24: Label 3| Node 201: Label 3| Node 1636: Label 3| Node 157: Label 3| Node 1870: Label 3| Node 1821: Label 3| Node 1823: Label 3| Node 547: Label 3| Node 869: Label 3| Node 1100: Label 3| Node 1864: Label 3| Node 1875: Label 3| Node 1573: Label 3| Node 185: Label 3| Node 48: Label 3| Node 2003: Label 3| Node 570: Label 3| Node 2430: Label 3| Node 968: Label 1| Node 1107: Label 3| Node 480: Label 2| Node 637: Label 3| Node 1003: Label 2| Node 2138: Label 3| ```
    ",Label of Node = 3,3
ego,1,19,297,3,"Task : Node Label Prediction (Predict the label of the node marked with a ?, given the adjacency list information as a dictionary of type ""node:node neighborhood"" and node-label mapping in the text enclosed in triple backticks). Response should be in the format ""Label of Node = <predicted label>"". If the predicted label cannot be determined, return ""Label of Node = -1"". 
    ```Adjacency list: {'297': ['899', '1542', '185', '201', '598'], '899': ['297', '1055', '1858', '1986'], '1055': ['899', '1577'], '1858': ['899', '1701'], '1986': ['899', '519', '201', '968', '1870', '1875', '2003'], '1542': ['297', '1413', '219', '251', '338', '402', '776', '812', '872', '877', '1340', '216', '918', '990', '1176', '1177', '1300', '1301', '1334', '1477', '1577', '1607', '1931', '1935', '1936', '1939', '1940', '1941', '1942', '1943'], '185': ['297', '2003'], '201': ['297', '1986', '598', '1701', '24', '570', '2430'], '598': ['297', '1301', '519', '521', '766', '143', '1297', '1299', '2707', '24', '157', '1821', '1823', '547', '165', '1573', '48', '316', '1473', '968', '201', '1864', '1100', '845', '1870', '1107', '1875', '480', '637', '869', '1003', '1636', '2138'], '1577': ['1055', '1542', '1334'], '1701': ['1858', '216', '1334', '143', '1299', '24', '157', '547', '201', '869', '1100', '1636', '1864', '1870', '1875'], '519': ['1986', '598'], '968': ['1986', '598'], '1870': ['1986', '598', '1701', '157'], '1875': ['1986', '598', '1701'], '2003': ['1986', '185'], '219': ['1413', '1542'], '1413': ['219', '251', '338', '402', '776', '812', '872', '877', '1340', '1542', '1931', '1935', '1936'], '251': ['1413', '1542', '1300', '812'], '338': ['1413', '1542'], '402': ['1413', '1542', '776', '1936', '1940'], '776': ['1413', '402', '1542'], '812': ['1413', '251', '1542', '1300'], '872': ['1413', '1542', '1340'], '877': ['1413', '1542', '1935', '1300', '1176', '1177'], '1340': ['1413', '872', '1542', '1943'], '1931': ['1413', '1542'], '1935': ['1413', '877', '1542', '1176', '1177'], '1936': ['1413', '402', '1542'], '1300': ['251', '812', '877', '1542', '1940', '1941'], '1940': ['402', '1542', '1300'], '1176': ['877', '1542', '1935'], '1177': ['877', '1542', '1935'], '1943': ['1340', '1542'], '216': ['1542', '1701'], '918': ['1542'], '990': ['1542'], '1301': ['1542', '598'], '1334': ['1542', '1701', '1941', '1577'], '1477': ['1542'], '1607': ['1542'], '1939': ['1542'], '1941': ['1542', '1300', '1334'], '1942': ['1542'], '521': ['598'], '766': ['598', '316', '845', '1297'], '143': ['598', '316', '1701'], '1297': ['598', '766', '316'], '1299': ['598', '1701'], '2707': ['598', '165', '1473'], '24': ['598', '1701', '201', '1636'], '157': ['598', '1701', '1870'], '1821': ['598', '316'], '1823': ['598'], '547': ['598', '1701'], '165': ['598', '2707', '1473'], '1573': ['598'], '48': ['598'], '316': ['598', '766', '143', '1297', '1821', '845'], '1473': ['598', '2707', '165'], '1864': ['598', '1701', '869'], '1100': ['598', '1701'], '845': ['598', '766', '316'], '1107': ['598'], '480': ['598'], '637': ['598'], '869': ['598', '1701', '1864'], '1003': ['598'], '1636': ['598', '1701', '24'], '2138': ['598'], '570': ['201', '2430'], '2430': ['201', '570']}
Node to Label Mapping : 
Node 899: Label 3| Node 297: Label ?| Node 1055: Label 3| Node 1858: Label 3| Node 1986: Label 3| Node 1413: Label 3| Node 219: Label 3| Node 251: Label 3| Node 338: Label 3| Node 402: Label 3| Node 776: Label 4| Node 812: Label 3| Node 872: Label 4| Node 877: Label 3| Node 1340: Label 3| Node 1542: Label 3| Node 1931: Label 3| Node 1935: Label 3| Node 1936: Label 3| Node 216: Label 3| Node 918: Label 3| Node 990: Label 3| Node 1176: Label 3| Node 1177: Label 3| Node 1300: Label 3| Node 1301: Label 3| Node 1334: Label 3| Node 1477: Label 3| Node 1577: Label 3| Node 1607: Label 3| Node 1939: Label 3| Node 1940: Label 3| Node 1941: Label 3| Node 1942: Label 3| Node 1943: Label 3| Node 519: Label 1| Node 598: Label 3| Node 521: Label 3| Node 766: Label 3| Node 316: Label 3| Node 845: Label 3| Node 1297: Label 3| Node 143: Label 3| Node 1701: Label 3| Node 1299: Label 3| Node 2707: Label 3| Node 165: Label 3| Node 1473: Label 3| Node 24: Label 3| Node 201: Label 3| Node 1636: Label 3| Node 157: Label 3| Node 1870: Label 3| Node 1821: Label 3| Node 1823: Label 3| Node 547: Label 3| Node 869: Label 3| Node 1100: Label 3| Node 1864: Label 3| Node 1875: Label 3| Node 1573: Label 3| Node 185: Label 3| Node 48: Label 3| Node 2003: Label 3| Node 570: Label 3| Node 2430: Label 3| Node 968: Label 1| Node 1107: Label 3| Node 480: Label 2| Node 637: Label 3| Node 1003: Label 2| Node 2138: Label 3| ```
    ","The label of the node can be predicted based on the labels of its neighboring nodes. The node '297' is connected to nodes '899', '1542', '185', '201', '598'. The labels of these nodes are 3, 3, 3, 3, 3 respectively. Since all the neighboring nodes have the label 3, it is highly likely that the node '297' also has the label 3. 

So, the predicted label of the node '297' is 3.

Label of Node = 3",3
